dengue_total,Year,week_number,tavg,tmin,tmax,prcp,wdir,wspd,pres,tavg_lag1,tavg_lag2,prcp_lag1,prcp_lag2
84,2003,3,26.883333333333336,24.400000000000002,30.133333333333336,17.266666666666666,182.0,11.84,,26.400000000000002,26.95,9.542857142857143,7.3375
89,2003,4,27.214285714285715,24.457142857142856,31.285714285714285,1.8285714285714287,13.0,8.985714285714286,,26.883333333333336,26.400000000000002,17.266666666666666,9.542857142857143
62,2003,5,26.37142857142857,24.285714285714285,29.071428571428573,31.957142857142856,86.0,9.985714285714286,,27.214285714285715,26.883333333333336,1.8285714285714287,17.266666666666666
88,2003,6,26.428571428571427,23.599999999999998,29.914285714285715,4.514285714285714,235.83333333333334,10.942857142857141,,26.37142857142857,27.214285714285715,31.957142857142856,1.8285714285714287
88,2003,7,27.342857142857145,25.314285714285713,30.685714285714287,6.171428571428571,19.8,9.357142857142858,,26.428571428571427,26.37142857142857,4.514285714285714,31.957142857142856
99,2003,8,27.25714285714286,23.95,31.057142857142857,12.228571428571428,15.666666666666666,9.033333333333333,,27.342857142857145,26.428571428571427,6.171428571428571,4.514285714285714
60,2003,9,27.87142857142857,24.771428571428572,32.22857142857143,3.2714285714285714,9.8,9.171428571428573,,27.25714285714286,27.342857142857145,12.228571428571428,6.171428571428571
92,2003,10,27.97142857142857,24.414285714285715,32.528571428571425,11.185714285714285,,5.471428571428571,,27.87142857142857,27.25714285714286,3.2714285714285714,12.228571428571428
85,2003,11,28.099999999999998,25.042857142857144,31.885714285714283,5.8428571428571425,37.5,9.442857142857141,,27.97142857142857,27.87142857142857,11.185714285714285,3.2714285714285714
64,2003,12,28.571428571428573,25.842857142857145,32.516666666666666,1.8857142857142857,41.0,6.9,,28.099999999999998,27.97142857142857,5.8428571428571425,11.185714285714285
97,2003,13,27.82857142857143,25.52857142857143,31.542857142857144,3.3000000000000003,66.0,3.9285714285714284,,28.571428571428573,28.099999999999998,1.8857142857142857,5.8428571428571425
63,2003,14,27.642857142857142,24.599999999999998,32.75714285714286,9.628571428571428,,3.3285714285714287,,27.82857142857143,28.571428571428573,3.3000000000000003,1.8857142857142857
53,2003,15,27.728571428571428,25.12857142857143,31.87142857142857,4.857142857142857,,3.5142857142857147,,27.642857142857142,27.82857142857143,9.628571428571428,3.3000000000000003
75,2003,16,27.62857142857143,25.071428571428573,31.3,2.9285714285714284,,2.857142857142857,,27.728571428571428,27.642857142857142,4.857142857142857,9.628571428571428
36,2003,17,28.485714285714288,25.87142857142857,32.44285714285714,0.37142857142857144,,3.0,,27.62857142857143,27.728571428571428,2.9285714285714284,4.857142857142857
80,2003,18,28.485714285714288,25.67142857142857,31.928571428571427,6.285714285714286,,2.942857142857143,,28.485714285714288,27.62857142857143,0.37142857142857144,2.9285714285714284
95,2003,19,28.3,26.2,32.128571428571426,6.2,,3.316666666666667,,28.485714285714288,28.485714285714288,6.285714285714286,0.37142857142857144
125,2003,20,28.971428571428568,25.728571428571428,32.06666666666667,1.2,,3.1,1009.6500000000001,28.3,28.485714285714288,6.2,6.285714285714286
188,2003,21,30.214285714285715,27.042857142857144,33.57142857142857,0.0,141.0,8.128571428571428,1010.3,28.971428571428568,28.3,1.2,6.2
256,2003,22,29.97142857142857,26.585714285714285,33.42857142857143,3.342857142857143,179.0,7.45,1009.2166666666667,30.214285714285715,28.971428571428568,0.0,1.2
163,2003,23,29.97142857142857,27.25714285714286,33.7,1.5285714285714285,138.6,11.1,1009.4666666666667,29.97142857142857,30.214285714285715,3.342857142857143,0.0
163,2003,24,29.228571428571428,26.557142857142857,32.471428571428575,1.2285714285714284,153.0,8.742857142857144,1009.5714285714286,29.97142857142857,29.97142857142857,1.5285714285714285,3.342857142857143
130,2003,25,28.8,24.914285714285715,32.357142857142854,3.485714285714286,,7.985714285714286,1009.0571428571428,29.228571428571428,29.97142857142857,1.2285714285714284,1.5285714285714285
143,2003,26,27.957142857142856,25.12857142857143,31.785714285714285,1.0999999999999999,,4.871428571428572,1009.8285714285714,28.8,29.228571428571428,3.485714285714286,1.2285714285714284
126,2003,27,27.814285714285713,24.442857142857143,31.385714285714283,7.1571428571428575,156.0,6.228571428571428,1010.0,27.957142857142856,28.8,1.0999999999999999,3.485714285714286
76,2003,28,27.571428571428573,23.728571428571428,30.928571428571427,9.242857142857144,,7.271428571428571,1009.7571428571429,27.814285714285713,27.957142857142856,7.1571428571428575,1.0999999999999999
74,2003,29,28.12857142857143,24.842857142857145,31.583333333333332,6.7,176.33333333333334,8.25,1009.65,27.571428571428573,27.814285714285713,9.242857142857144,7.1571428571428575
59,2003,30,28.957142857142856,26.114285714285717,31.728571428571428,0.07142857142857142,153.83333333333334,12.4,1010.0571428571428,28.12857142857143,27.571428571428573,6.7,9.242857142857144
61,2003,31,28.914285714285715,25.771428571428572,32.385714285714286,4.357142857142857,151.0,9.842857142857143,1010.6,28.957142857142856,28.12857142857143,0.07142857142857142,6.7
60,2003,32,28.67142857142857,25.642857142857142,31.7,10.700000000000001,149.75,10.614285714285714,1009.1714285714286,28.914285714285715,28.957142857142856,4.357142857142857,0.07142857142857142
81,2003,33,27.714285714285715,25.414285714285715,31.285714285714285,7.6,161.66666666666666,8.700000000000001,1009.8166666666666,28.67142857142857,28.914285714285715,10.700000000000001,4.357142857142857
91,2003,34,29.12857142857143,25.82857142857143,32.6,0.4714285714285714,167.25,9.128571428571428,1009.657142857143,27.714285714285715,28.67142857142857,7.6,10.700000000000001
49,2003,35,27.314285714285713,24.650000000000002,31.228571428571428,6.3,,5.966666666666666,1010.8333333333334,29.12857142857143,27.714285714285715,0.4714285714285714,7.6
77,2003,36,28.24285714285714,24.771428571428572,31.571428571428573,9.214285714285714,160.0,7.942857142857143,1010.7714285714285,27.314285714285713,29.12857142857143,6.3,0.4714285714285714
60,2003,37,27.485714285714288,24.614285714285717,30.75714285714286,3.2714285714285714,184.0,5.883333333333333,1010.0666666666666,28.24285714285714,27.314285714285713,9.214285714285714,6.3
76,2003,38,27.0,24.099999999999998,30.82857142857143,8.314285714285713,201.0,4.05,1011.1333333333333,27.485714285714288,28.24285714285714,3.2714285714285714,9.214285714285714
65,2003,39,27.985714285714288,24.957142857142856,31.428571428571427,8.028571428571428,,6.0,1010.0,27.0,27.485714285714288,8.314285714285713,3.2714285714285714
73,2003,40,28.442857142857143,25.24285714285714,31.914285714285715,6.8999999999999995,138.5,6.871428571428572,1008.657142857143,27.985714285714288,27.0,8.028571428571428,8.314285714285713
66,2003,41,26.82857142857143,23.885714285714283,29.642857142857142,21.342857142857145,,5.428571428571429,1010.2857142857143,28.442857142857143,27.985714285714288,6.8999999999999995,8.028571428571428
73,2003,42,27.428571428571427,23.785714285714285,31.099999999999998,7.871428571428572,,4.628571428571428,1010.7428571428571,26.82857142857143,28.442857142857143,21.342857142857145,6.8999999999999995
95,2003,43,28.614285714285717,25.642857142857142,31.857142857142858,2.0714285714285716,,6.014285714285714,1011.0857142857143,27.428571428571427,26.82857142857143,7.871428571428572,21.342857142857145
98,2003,44,26.8,23.583333333333332,31.114285714285717,14.714285714285714,78.0,4.2,1010.0666666666666,28.614285714285717,27.428571428571427,2.0714285714285716,7.871428571428572
93,2003,45,27.542857142857144,24.46666666666667,32.15,2.985714285714286,,4.1000000000000005,1009.8333333333334,26.8,28.614285714285717,14.714285714285714,2.0714285714285716
88,2003,46,27.771428571428572,25.185714285714283,31.842857142857145,4.728571428571429,,3.085714285714286,1009.2833333333333,27.542857142857144,26.8,2.985714285714286,14.714285714285714
57,2003,47,27.142857142857142,24.814285714285713,30.47142857142857,7.414285714285714,,3.0714285714285716,1010.55,27.771428571428572,27.542857142857144,4.728571428571429,2.985714285714286
66,2003,48,26.37142857142857,24.642857142857142,29.5,1.7,338.0,4.6571428571428575,1010.0571428571428,27.142857142857142,27.771428571428572,7.414285714285714,4.728571428571429
94,2003,49,26.928571428571427,24.8,30.24285714285714,2.9285714285714284,357.0,6.228571428571429,1009.5,26.37142857142857,27.142857142857142,1.7,7.414285714285714
82,2003,50,25.957142857142856,24.24285714285714,28.771428571428572,10.542857142857143,348.0,5.083333333333333,1009.9166666666666,26.928571428571427,26.37142857142857,2.9285714285714284,1.7
68,2003,51,26.057142857142857,23.62857142857143,29.414285714285715,21.24285714285714,328.0,6.6000000000000005,1011.5142857142857,25.957142857142856,26.928571428571427,10.542857142857143,2.9285714285714284
50,2003,52,27.12857142857143,24.485714285714288,30.557142857142857,3.3428571428571425,109.0,11.485714285714286,1012.0142857142857,26.057142857142857,25.957142857142856,21.24285714285714,10.542857142857143
80,2004,1,27.625,24.55,31.875,0.0,5.666666666666667,11.375,,27.12857142857143,26.057142857142857,3.3428571428571425,21.24285714285714
82,2004,2,27.342857142857145,24.7,31.142857142857142,5.957142857142856,111.57142857142857,11.12857142857143,,27.625,27.12857142857143,0.0,3.3428571428571425
52,2004,3,27.7,24.866666666666664,31.566666666666666,2.314285714285714,21.166666666666668,13.549999999999999,,27.342857142857145,27.625,5.957142857142856,0.0
79,2004,4,26.17142857142857,23.266666666666666,29.650000000000002,57.471428571428575,149.0,10.25,,27.7,27.342857142857145,2.314285714285714,5.957142857142856
66,2004,5,26.2,23.385714285714283,29.12857142857143,20.071428571428573,333.0,6.242857142857143,,26.17142857142857,27.7,57.471428571428575,2.314285714285714
60,2004,6,27.285714285714285,24.357142857142858,31.2,7.114285714285715,135.0,8.642857142857142,,26.2,26.17142857142857,20.071428571428573,57.471428571428575
61,2004,7,27.7,25.214285714285715,31.5,0.0,69.33333333333333,14.75,,27.285714285714285,26.2,7.114285714285715,20.071428571428573
53,2004,8,27.8,24.885714285714283,32.128571428571426,0.0,16.571428571428573,14.328571428571427,,27.7,27.285714285714285,0.0,7.114285714285715
62,2004,9,28.014285714285712,24.5,32.8,0.0,96.75,10.185714285714285,,27.8,27.7,0.0,0.0
56,2004,10,28.099999999999998,24.957142857142856,32.871428571428574,2.185714285714286,136.66666666666666,8.2,,28.014285714285712,27.8,0.0,0.0
34,2004,11,26.5,23.2,30.74285714285714,28.88571428571429,334.75,6.585714285714286,,28.099999999999998,28.014285714285712,2.185714285714286,0.0
41,2004,12,27.599999999999998,24.314285714285713,31.957142857142856,2.0714285714285716,31.0,6.057142857142858,,26.5,28.099999999999998,28.88571428571429,2.185714285714286
41,2004,13,28.314285714285717,24.75714285714286,32.642857142857146,4.985714285714287,,4.857142857142857,,27.599999999999998,26.5,2.0714285714285716,28.88571428571429
37,2004,14,28.285714285714285,25.7,32.57142857142857,1.2428571428571427,96.0,5.357142857142857,,28.314285714285717,27.599999999999998,4.985714285714287,2.0714285714285716
99,2004,15,28.657142857142855,25.75714285714286,32.65714285714286,1.4571428571428573,,5.057142857142857,,28.285714285714285,28.314285714285717,1.2428571428571427,4.985714285714287
80,2004,16,30.02857142857143,27.099999999999998,34.0,0.0,112.75,9.357142857142858,,28.657142857142855,28.285714285714285,1.4571428571428573,1.2428571428571427
87,2004,17,29.057142857142857,26.314285714285717,33.714285714285715,2.6142857142857143,32.0,6.1571428571428575,,30.02857142857143,28.657142857142855,0.0,1.4571428571428573
135,2004,18,28.7,25.599999999999998,33.128571428571426,3.2285714285714286,,4.542857142857143,,29.057142857142857,30.02857142857143,2.6142857142857143,0.0
116,2004,19,28.514285714285712,25.914285714285715,32.128571428571426,16.0,,4.014285714285714,,28.7,29.057142857142857,3.2285714285714286,2.6142857142857143
91,2004,20,29.957142857142856,27.342857142857145,33.7,0.32857142857142857,123.0,6.542857142857143,,28.514285714285712,28.7,16.0,3.2285714285714286
124,2004,21,29.842857142857145,27.514285714285712,33.31428571428571,0.5857142857142856,,6.185714285714285,,29.957142857142856,28.514285714285712,0.32857142857142857,16.0
144,2004,22,27.67142857142857,25.014285714285712,31.842857142857138,2.442857142857143,,3.585714285714286,,29.842857142857145,29.957142857142856,0.5857142857142856,0.32857142857142857
133,2004,23,28.17142857142857,24.47142857142857,32.042857142857144,6.014285714285714,,4.871428571428572,,27.67142857142857,29.842857142857145,2.442857142857143,0.5857142857142856
154,2004,24,28.942857142857143,24.97142857142857,32.22857142857143,14.185714285714285,159.0,6.6000000000000005,,28.17142857142857,27.67142857142857,6.014285714285714,2.442857142857143
163,2004,25,29.900000000000002,26.900000000000002,33.25714285714286,0.0,157.4,10.799999999999999,,28.942857142857143,28.17142857142857,14.185714285714285,6.014285714285714
163,2004,26,29.17142857142857,26.78333333333333,31.95,0.2857142857142857,163.66666666666666,7.8500000000000005,,29.900000000000002,28.942857142857143,0.0,14.185714285714285
188,2004,27,28.342857142857145,24.928571428571427,32.36666666666667,5.528571428571428,187.0,5.8999999999999995,,29.17142857142857,29.900000000000002,0.2857142857142857,0.0
218,2004,28,26.885714285714283,24.52857142857143,30.542857142857144,2.3,,4.316666666666667,,28.342857142857145,29.17142857142857,5.528571428571428,0.2857142857142857
218,2004,29,27.014285714285712,23.75714285714286,30.571428571428573,9.042857142857143,,3.3857142857142857,,26.885714285714283,28.342857142857145,2.3,5.528571428571428
218,2004,30,28.099999999999998,24.12857142857143,31.214285714285715,3.857142857142857,178.5,9.042857142857143,,27.014285714285712,26.885714285714283,9.042857142857143,2.3
305,2004,31,26.928571428571427,24.7,30.542857142857144,3.6714285714285713,,4.514285714285714,,28.099999999999998,27.014285714285712,3.857142857142857,9.042857142857143
251,2004,32,28.2,25.042857142857144,31.228571428571428,4.314285714285714,158.5,11.571428571428571,,26.928571428571427,28.099999999999998,3.6714285714285713,3.857142857142857
278,2004,33,28.357142857142858,25.857142857142858,31.514285714285712,0.0,158.16666666666666,11.214285714285714,,28.2,26.928571428571427,4.314285714285714,3.6714285714285713
329,2004,34,28.24285714285714,24.842857142857145,32.05714285714286,6.2,162.0,9.4,,28.357142857142858,28.2,0.0,4.314285714285714
274,2004,35,28.671428571428574,25.728571428571428,31.814285714285713,16.4,148.4,10.385714285714286,,28.24285714285714,28.357142857142858,6.2,0.0
308,2004,36,28.657142857142855,26.099999999999998,32.05714285714286,2.0714285714285716,142.4,12.433333333333332,,28.671428571428574,28.24285714285714,16.4,6.2
260,2004,37,28.2,25.342857142857145,32.2,1.45,112.33333333333333,10.071428571428571,,28.657142857142855,28.671428571428574,2.0714285714285716,16.4
326,2004,38,27.414285714285715,24.685714285714287,31.314285714285713,4.357142857142857,,6.55,,28.2,28.657142857142855,1.45,2.0714285714285716
301,2004,39,27.75714285714286,24.857142857142858,32.05714285714286,10.071428571428571,,5.228571428571429,,27.414285714285715,28.2,4.357142857142857,1.45
241,2004,40,27.385714285714283,25.099999999999998,30.614285714285717,1.2428571428571427,,4.114285714285715,,27.75714285714286,27.414285714285715,10.071428571428571,4.357142857142857
269,2004,41,28.885714285714283,25.87142857142857,32.08571428571428,1.3857142857142857,144.5,8.971428571428572,,27.385714285714283,27.75714285714286,1.2428571428571427,10.071428571428571
307,2004,42,28.7,25.266666666666666,33.31666666666667,0.0,,5.533333333333334,,28.885714285714283,27.385714285714283,1.3857142857142857,1.2428571428571427
258,2004,43,26.842857142857145,24.32857142857143,30.599999999999998,8.542857142857143,,2.9,,28.7,28.885714285714283,0.0,1.3857142857142857
255,2004,44,26.8,24.185714285714287,30.842857142857145,7.757142857142857,,3.742857142857143,,26.842857142857145,28.7,8.542857142857143,0.0
190,2004,45,27.285714285714285,24.557142857142857,31.457142857142856,11.828571428571427,,3.0285714285714285,,26.8,26.842857142857145,7.757142857142857,8.542857142857143
261,2004,46,27.47142857142857,25.085714285714285,31.62857142857143,2.085714285714286,,3.0285714285714285,,27.285714285714285,26.8,11.828571428571427,7.757142857142857
314,2004,47,27.557142857142857,24.342857142857145,31.342857142857145,5.328571428571428,174.5,6.457142857142857,,27.47142857142857,27.285714285714285,2.085714285714286,11.828571428571427
297,2004,48,27.099999999999998,24.75714285714286,30.842857142857145,0.8714285714285713,,4.428571428571429,,27.557142857142857,27.47142857142857,5.328571428571428,2.085714285714286
304,2004,49,27.842857142857145,25.314285714285713,31.442857142857143,2.2857142857142856,,5.428571428571429,,27.099999999999998,27.557142857142857,0.8714285714285713,5.328571428571428
326,2004,50,26.25714285714286,24.12857142857143,29.157142857142855,3.1714285714285713,,5.357142857142857,,27.842857142857145,27.099999999999998,2.2857142857142856,0.8714285714285713
288,2004,51,27.385714285714283,24.685714285714287,30.985714285714288,4.128571428571428,9.5,9.028571428571428,,26.25714285714286,27.842857142857145,3.1714285714285713,2.2857142857142856
243,2004,52,27.257142857142856,24.642857142857142,30.785714285714285,0.0,26.0,9.4,,27.385714285714283,26.25714285714286,4.128571428571428,3.1714285714285713
335,2005,53,25.25,23.950000000000003,26.95,24.0,,9.3,,27.257142857142856,27.385714285714283,0.0,4.128571428571428
297,2005,1,26.228571428571428,23.728571428571428,29.099999999999998,16.67142857142857,351.0,7.771428571428571,,25.25,27.257142857142856,24.0,0.0
254,2005,2,26.928571428571427,24.457142857142856,30.157142857142855,4.385714285714285,20.0,11.714285714285714,1010.9799999999999,26.228571428571428,25.25,16.67142857142857,24.0
285,2005,3,26.685714285714283,23.728571428571428,30.557142857142857,0.5857142857142856,23.0,10.228571428571428,1013.3714285714286,26.928571428571427,26.228571428571428,4.385714285714285,16.67142857142857
280,2005,4,27.099999999999998,23.714285714285715,31.8,0.0,17.333333333333332,9.457142857142857,1009.7142857142857,26.685714285714283,26.928571428571427,0.5857142857142856,4.385714285714285
193,2005,5,27.957142857142856,24.87142857142857,32.58571428571428,0.0,23.0,10.471428571428572,1011.3142857142857,27.099999999999998,26.685714285714283,0.0,0.5857142857142856
314,2005,6,28.37142857142857,24.75714285714286,33.17142857142857,0.0,23.4,12.114285714285714,1012.2857142857143,27.957142857142856,27.099999999999998,0.0,0.0
236,2005,7,28.928571428571427,25.442857142857143,33.92857142857143,0.18571428571428572,32.0,9.257142857142856,1010.7285714285715,28.37142857142857,27.957142857142856,0.0,0.0
151,2005,8,28.900000000000002,25.914285714285715,33.642857142857146,0.0,18.333333333333332,8.671428571428573,1011.2857142857143,28.928571428571427,28.37142857142857,0.18571428571428572,0.0
156,2005,9,28.557142857142857,24.728571428571428,33.31428571428571,5.257142857142857,28.0,10.87142857142857,1013.7571428571429,28.900000000000002,28.928571428571427,0.0,0.18571428571428572
99,2005,10,28.32857142857143,24.785714285714285,33.31428571428571,0.35714285714285715,21.0,10.428571428571429,1012.5428571428572,28.557142857142857,28.900000000000002,5.257142857142857,0.0
93,2005,11,29.142857142857142,26.114285714285717,33.800000000000004,0.07142857142857142,26.0,12.528571428571428,1009.8142857142857,28.32857142857143,28.557142857142857,0.35714285714285715,5.257142857142857
132,2005,12,28.771428571428572,25.814285714285713,34.07142857142857,0.14285714285714285,,7.542857142857143,1009.4714285714286,29.142857142857142,28.32857142857143,0.07142857142857142,0.35714285714285715
120,2005,13,27.62857142857143,25.0,31.400000000000002,8.057142857142859,,3.2285714285714286,1009.05,28.771428571428572,29.142857142857142,0.14285714285714285,0.07142857142857142
117,2005,14,27.685714285714287,24.414285714285715,31.685714285714287,9.0,,5.3428571428571425,,27.62857142857143,28.771428571428572,8.057142857142859,0.14285714285714285
134,2005,15,28.52857142857143,25.485714285714288,32.72857142857143,1.3,,5.285714285714286,,27.685714285714287,27.62857142857143,9.0,8.057142857142859
115,2005,16,29.24285714285714,26.32857142857143,33.3,0.2571428571428572,101.0,7.757142857142857,,28.52857142857143,27.685714285714287,1.3,9.0
134,2005,17,30.271428571428572,27.457142857142856,34.857142857142854,0.0,104.5,8.328571428571427,,29.24285714285714,28.52857142857143,0.2571428571428572,1.3
149,2005,18,28.728571428571428,25.542857142857144,33.25714285714286,11.5,,4.314285714285714,1008.1999999999999,30.271428571428572,29.24285714285714,0.0,0.2571428571428572
158,2005,19,28.75714285714286,24.914285714285715,32.0,20.5,,5.614285714285714,1009.5142857142857,28.728571428571428,30.271428571428572,11.5,0.0
163,2005,20,28.185714285714287,24.74285714285714,31.942857142857143,6.314285714285715,,5.957142857142857,1009.8000000000001,28.75714285714286,28.728571428571428,20.5,11.5
139,2005,21,28.428571428571427,25.24285714285714,31.928571428571427,6.200000000000001,127.0,6.2,1009.8142857142857,28.185714285714287,28.75714285714286,6.314285714285715,20.5
212,2005,22,29.32857142857143,26.442857142857143,32.4,2.985714285714286,141.0,5.614285714285714,1008.3285714285714,28.428571428571427,28.185714285714287,6.200000000000001,6.314285714285715
253,2005,23,29.37142857142857,26.728571428571428,32.4,0.4714285714285714,135.5,7.628571428571428,1007.8285714285714,29.32857142857143,28.428571428571427,2.985714285714286,6.200000000000001
315,2005,24,28.671428571428574,25.62857142857143,32.285714285714285,4.542857142857143,,3.0142857142857147,1008.1,29.37142857142857,29.32857142857143,0.4714285714285714,2.985714285714286
385,2005,25,28.514285714285712,25.042857142857144,31.3,3.6714285714285713,,5.557142857142857,1010.1999999999999,28.671428571428574,29.37142857142857,4.542857142857143,0.4714285714285714
354,2005,26,28.585714285714285,25.942857142857143,32.028571428571425,3.1285714285714286,,6.2,1010.3857142857142,28.514285714285712,28.671428571428574,3.6714285714285713,4.542857142857143
351,2005,27,28.557142857142857,25.042857142857144,32.44285714285714,0.7285714285714285,,5.557142857142857,1009.9571428571428,28.585714285714285,28.514285714285712,3.1285714285714286,3.6714285714285713
400,2005,28,27.657142857142855,24.814285714285713,31.385714285714283,4.385714285714286,,3.857142857142857,1010.6,28.557142857142857,28.585714285714285,0.7285714285714285,3.1285714285714286
346,2005,29,27.614285714285717,25.114285714285717,30.52857142857143,2.357142857142857,,4.5285714285714285,1010.1857142857143,27.657142857142855,28.557142857142857,4.385714285714286,0.7285714285714285
328,2005,30,27.957142857142856,23.833333333333332,30.95,7.142857142857143,144.0,5.733333333333333,1009.3333333333334,27.614285714285717,27.657142857142855,2.357142857142857,4.385714285714286
304,2005,31,28.24285714285714,24.52857142857143,31.47142857142857,3.5428571428571423,155.0,5.885714285714286,1010.0,27.957142857142856,27.614285714285717,7.142857142857143,2.357142857142857
409,2005,32,28.614285714285717,26.057142857142857,31.3,1.8857142857142857,172.0,8.671428571428573,1010.0857142857143,28.24285714285714,27.957142857142856,3.5428571428571423,7.142857142857143
485,2005,33,28.12857142857143,25.82857142857143,31.485714285714288,1.1999999999999997,123.0,6.414285714285714,1010.5142857142857,28.614285714285717,28.24285714285714,1.8857142857142857,3.5428571428571423
544,2005,34,28.085714285714285,24.885714285714283,31.41428571428571,1.1285714285714286,,5.285714285714286,1010.2857142857143,28.12857142857143,28.614285714285717,1.1999999999999997,1.8857142857142857
691,2005,35,28.085714285714285,25.685714285714287,31.657142857142855,6.171428571428572,,7.471428571428571,1007.9333333333334,28.085714285714285,28.12857142857143,1.1285714285714286,1.1999999999999997
692,2005,36,28.914285714285715,25.599999999999998,32.4,3.6285714285714286,132.0,7.942857142857143,,28.085714285714285,28.085714285714285,6.171428571428572,1.1285714285714286
712,2005,37,28.157142857142855,24.542857142857144,31.585714285714285,11.0,198.0,6.057142857142857,,28.914285714285715,28.085714285714285,3.6285714285714286,6.171428571428572
537,2005,38,27.657142857142855,23.957142857142856,31.97142857142857,4.2,,5.071428571428571,1011.3166666666666,28.157142857142855,28.914285714285715,11.0,3.6285714285714286
466,2005,39,28.385714285714283,25.728571428571428,32.31428571428571,0.7285714285714285,162.0,5.3999999999999995,1010.6857142857143,27.657142857142855,28.157142857142855,4.2,11.0
384,2005,40,27.928571428571427,24.185714285714287,31.285714285714285,15.642857142857142,,4.771428571428571,1009.9857142857143,28.385714285714283,27.657142857142855,0.7285714285714285,4.2
357,2005,41,27.985714285714288,25.542857142857144,31.657142857142862,0.6142857142857142,133.0,5.428571428571429,1009.5857142857143,27.928571428571427,28.385714285714283,15.642857142857142,0.7285714285714285
331,2005,42,27.157142857142855,24.285714285714285,30.771428571428572,17.142857142857142,,3.6999999999999997,1010.1857142857143,27.985714285714288,27.928571428571427,0.6142857142857142,15.642857142857142
212,2005,43,27.357142857142858,24.185714285714287,31.542857142857144,11.5,,4.257142857142857,1010.2571428571429,27.157142857142855,27.985714285714288,17.142857142857142,0.6142857142857142
171,2005,44,27.714285714285715,24.271428571428572,30.971428571428568,6.828571428571428,,4.142857142857143,1010.1428571428571,27.357142857142858,27.157142857142855,11.5,17.142857142857142
142,2005,45,28.185714285714287,24.285714285714285,31.885714285714283,9.042857142857143,,3.9714285714285715,1010.7428571428571,27.714285714285715,27.357142857142858,6.828571428571428,11.5
139,2005,46,27.271428571428572,24.914285714285715,30.942857142857143,23.528571428571432,,2.8857142857142857,1009.3857142857142,28.185714285714287,27.714285714285715,9.042857142857143,6.828571428571428
122,2005,47,26.342857142857145,23.52857142857143,29.12857142857143,9.142857142857142,,4.128571428571428,1009.7142857142857,27.271428571428572,28.185714285714287,23.528571428571432,9.042857142857143
87,2005,48,27.400000000000002,24.814285714285713,31.357142857142858,2.6857142857142855,,5.314285714285715,1008.5333333333333,26.342857142857145,27.271428571428572,9.142857142857142,23.528571428571432
82,2006,52,25.875,23.925,28.675,32.912499999999994,,5.8,,27.400000000000002,26.342857142857145,2.6857142857142855,9.142857142857142
61,2006,52,25.875,23.925,28.675,32.912499999999994,,5.8,,25.875,27.400000000000002,32.912499999999994,2.6857142857142855
62,2006,1,26.057142857142857,23.97142857142857,29.25714285714286,19.457142857142856,,5.128571428571428,,25.875,25.875,32.912499999999994,32.912499999999994
46,2006,2,25.842857142857145,23.45,28.400000000000002,42.02857142857143,357.0,7.95,,26.057142857142857,25.875,19.457142857142856,32.912499999999994
71,2006,3,27.057142857142857,24.485714285714288,31.228571428571428,3.1285714285714286,,4.371428571428572,,25.842857142857145,26.057142857142857,42.02857142857143,19.457142857142856
39,2006,4,27.057142857142857,24.62857142857143,30.728571428571428,0.37142857142857144,65.33333333333333,11.12857142857143,1010.8666666666667,27.057142857142857,25.842857142857145,3.1285714285714286,42.02857142857143
74,2006,5,27.357142857142858,24.657142857142855,31.271428571428572,1.2,12.166666666666666,12.9,1012.7,27.057142857142857,27.057142857142857,0.37142857142857144,3.1285714285714286
55,2006,6,26.957142857142856,24.071428571428573,30.62857142857143,13.685714285714285,3.6666666666666665,8.942857142857143,,27.357142857142858,27.057142857142857,1.2,0.37142857142857144
74,2006,7,27.97142857142857,25.142857142857142,32.1,0.0,22.75,10.6,1010.2333333333332,26.957142857142856,27.357142857142858,13.685714285714285,1.2
58,2006,8,27.87142857142857,25.357142857142858,31.514285714285712,1.242857142857143,5.0,11.200000000000001,1008.4571428571428,27.97142857142857,26.957142857142856,0.0,13.685714285714285
57,2006,9,28.428571428571427,25.414285714285715,32.91428571428572,0.35714285714285715,22.2,12.37142857142857,1010.7428571428571,27.87142857142857,27.97142857142857,1.242857142857143,0.0
36,2006,10,28.571428571428573,25.5,33.885714285714286,0.0,25.5,10.200000000000001,1010.6714285714286,28.428571428571427,27.87142857142857,0.35714285714285715,1.242857142857143
44,2006,11,28.75714285714286,25.228571428571428,33.614285714285714,0.0,,8.742857142857144,1008.9857142857143,28.571428571428573,28.428571428571427,0.0,0.35714285714285715
38,2006,12,28.342857142857145,25.357142857142858,33.07142857142857,5.271428571428571,,5.1000000000000005,1007.5,28.75714285714286,28.571428571428573,0.0,0.0
38,2006,13,27.614285714285717,24.642857142857142,32.114285714285714,7.328571428571429,,3.185714285714286,1009.72,28.342857142857145,28.75714285714286,5.271428571428571,0.0
40,2006,14,27.885714285714283,24.928571428571427,32.22857142857143,10.37142857142857,,4.614285714285714,,27.614285714285717,28.342857142857145,7.328571428571429,5.271428571428571
31,2006,15,27.400000000000002,24.74285714285714,31.142857142857142,5.314285714285715,,3.542857142857143,,27.885714285714283,27.614285714285717,10.37142857142857,7.328571428571429
37,2006,16,27.62857142857143,24.185714285714287,32.114285714285714,9.87142857142857,,3.0142857142857147,,27.400000000000002,27.885714285714283,5.314285714285715,10.37142857142857
50,2006,17,27.97142857142857,25.014285714285712,32.542857142857144,8.014285714285714,,2.2142857142857144,,27.62857142857143,27.400000000000002,9.87142857142857,5.314285714285715
41,2006,18,27.571428571428573,24.785714285714285,31.428571428571427,14.228571428571428,,2.814285714285714,,27.97142857142857,27.62857142857143,8.014285714285714,9.87142857142857
72,2006,19,28.542857142857144,25.842857142857145,32.82857142857143,1.242857142857143,,3.3000000000000003,,27.571428571428573,27.97142857142857,14.228571428571428,8.014285714285714
79,2006,20,28.82857142857143,26.557142857142857,31.957142857142856,2.4,,5.428571428571429,,28.542857142857144,27.571428571428573,1.242857142857143,14.228571428571428
76,2006,21,27.557142857142857,24.585714285714285,31.52857142857143,9.171428571428573,,4.428571428571429,,28.82857142857143,28.542857142857144,2.4,1.242857142857143
84,2006,22,28.857142857142858,25.514285714285712,32.385714285714286,6.8428571428571425,,5.571428571428571,,27.557142857142857,28.82857142857143,9.171428571428573,2.4
84,2006,23,27.0,24.342857142857145,30.52857142857143,8.242857142857144,,4.285714285714286,,28.857142857142858,27.557142857142857,6.8428571428571425,9.171428571428573
85,2006,24,28.02857142857143,24.62857142857143,30.97142857142857,8.057142857142857,,5.457142857142857,,27.0,28.857142857142858,8.242857142857144,6.8428571428571425
93,2006,25,27.37142857142857,24.67142857142857,29.957142857142856,12.471428571428572,,4.514285714285714,,28.02857142857143,27.0,8.057142857142857,8.242857142857144
106,2006,26,29.2,26.642857142857142,32.07142857142857,0.5857142857142856,171.33333333333334,11.885714285714286,,27.37142857142857,28.02857142857143,12.471428571428572,8.057142857142857
102,2006,27,28.62857142857143,24.842857142857145,31.485714285714288,4.357142857142857,156.75,12.028571428571428,,29.2,27.37142857142857,0.5857142857142856,12.471428571428572
100,2006,28,28.342857142857145,24.842857142857145,31.0,11.27142857142857,154.5,9.414285714285715,,28.62857142857143,29.2,4.357142857142857,0.5857142857142856
68,2006,29,28.585714285714285,25.74285714285714,31.728571428571428,4.971428571428571,162.5,7.742857142857143,,28.342857142857145,28.62857142857143,11.27142857142857,4.357142857142857
79,2006,30,28.357142857142858,25.771428571428572,32.128571428571426,0.04285714285714286,165.0,8.0,,28.585714285714285,28.342857142857145,4.971428571428571,11.27142857142857
80,2006,31,28.400000000000002,25.74285714285714,31.02857142857143,2.8285714285714287,171.33333333333334,10.814285714285715,,28.357142857142858,28.585714285714285,0.04285714285714286,4.971428571428571
73,2006,32,28.071428571428573,24.457142857142856,31.014285714285712,4.757142857142857,168.33333333333334,8.742857142857144,,28.400000000000002,28.357142857142858,2.8285714285714287,0.04285714285714286
76,2006,33,28.571428571428573,25.771428571428572,31.671428571428574,5.6000000000000005,146.4,10.728571428571428,,28.071428571428573,28.400000000000002,4.757142857142857,2.8285714285714287
59,2006,34,28.928571428571427,26.557142857142857,32.300000000000004,0.0,135.2,11.528571428571428,,28.571428571428573,28.071428571428573,5.6000000000000005,4.757142857142857
54,2006,35,27.542857142857144,24.37142857142857,30.857142857142858,6.385714285714286,,5.871428571428572,,28.928571428571427,28.571428571428573,0.0,5.6000000000000005
56,2006,36,28.057142857142857,25.414285714285715,31.400000000000002,1.3142857142857145,140.0,6.114285714285714,,27.542857142857144,28.928571428571427,6.385714285714286,0.0
53,2006,37,27.571428571428573,24.87142857142857,31.12857142857143,5.7,141.0,6.885714285714286,,28.057142857142857,27.542857142857144,1.3142857142857145,6.385714285714286
53,2006,38,28.271428571428572,25.557142857142857,31.5,2.1,134.5,7.728571428571428,,27.571428571428573,28.057142857142857,5.7,1.3142857142857145
50,2006,39,28.157142857142855,25.32857142857143,31.328571428571426,2.8428571428571425,146.5,6.757142857142857,,28.271428571428572,27.571428571428573,2.1,5.7
47,2006,40,28.82857142857143,25.785714285714285,31.87142857142857,0.6857142857142857,,8.285714285714286,,28.157142857142855,28.271428571428572,2.8428571428571425,2.1
41,2006,41,28.557142857142857,25.4,32.17142857142857,2.9714285714285715,134.0,6.142857142857143,,28.82857142857143,28.157142857142855,0.6857142857142857,2.8428571428571425
35,2006,42,28.671428571428574,26.085714285714285,32.65714285714286,0.14285714285714285,,5.2,,28.557142857142857,28.82857142857143,2.9714285714285715,0.6857142857142857
46,2006,43,27.599999999999998,24.599999999999998,31.785714285714285,10.557142857142859,,2.6999999999999997,,28.671428571428574,28.557142857142857,0.14285714285714285,2.9714285714285715
40,2006,44,27.857142857142858,24.8,32.0,5.0,,3.1285714285714286,,27.599999999999998,28.671428571428574,10.557142857142859,0.14285714285714285
44,2006,45,27.185714285714287,24.62857142857143,31.542857142857144,3.842857142857143,,3.4285714285714284,,27.857142857142858,27.599999999999998,5.0,10.557142857142859
42,2006,46,27.599999999999998,24.914285714285715,31.514285714285712,1.7857142857142858,,3.9285714285714284,,27.185714285714287,27.857142857142858,3.842857142857143,5.0
39,2006,47,27.12857142857143,24.428571428571427,31.271428571428572,12.814285714285715,,3.042857142857143,,27.599999999999998,27.185714285714287,1.7857142857142858,3.842857142857143
43,2006,48,26.97142857142857,24.642857142857142,30.357142857142858,3.2285714285714286,,3.342857142857143,,27.12857142857143,27.599999999999998,12.814285714285715,1.7857142857142858
53,2006,49,27.52857142857143,24.957142857142856,31.342857142857145,1.7142857142857142,,4.5,,26.97142857142857,27.12857142857143,3.2285714285714286,12.814285714285715
42,2006,50,27.099999999999998,24.37142857142857,31.228571428571428,14.557142857142859,,4.928571428571429,,27.52857142857143,26.97142857142857,1.7142857142857142,3.2285714285714286
48,2006,51,26.02857142857143,23.75714285714286,28.599999999999998,56.142857142857146,20.0,8.914285714285715,,27.099999999999998,27.52857142857143,14.557142857142859,1.7142857142857142
63,2007,1,27.3125,24.2375,31.25,13.1125,,5.0875,,26.02857142857143,27.099999999999998,56.142857142857146,14.557142857142859
46,2007,2,25.428571428571427,23.985714285714288,27.457142857142856,46.08571428571429,,4.8,,27.3125,26.02857142857143,13.1125,56.142857142857146
55,2007,3,27.042857142857144,24.457142857142856,31.014285714285712,6.957142857142857,22.0,5.714285714285714,,25.428571428571427,27.3125,46.08571428571429,13.1125
55,2007,4,26.314285714285713,23.814285714285713,29.5,3.6714285714285713,8.666666666666666,10.5,,27.042857142857144,25.428571428571427,6.957142857142857,46.08571428571429
33,2007,5,26.400000000000002,24.37142857142857,29.62857142857143,0.04285714285714286,14.571428571428571,14.72857142857143,,26.314285714285713,27.042857142857144,3.6714285714285713,6.957142857142857
56,2007,6,27.142857142857142,24.057142857142857,31.25714285714286,0.0,22.666666666666668,12.299999999999999,,26.400000000000002,26.314285714285713,0.04285714285714286,3.6714285714285713
44,2007,7,27.857142857142858,24.74285714285714,32.41428571428572,0.39999999999999997,17.666666666666668,9.457142857142857,,27.142857142857142,26.400000000000002,0.0,0.04285714285714286
61,2007,8,27.614285714285717,24.8,31.88571428571429,7.328571428571428,,5.314285714285715,,27.857142857142858,27.142857142857142,0.39999999999999997,0.0
71,2007,9,26.37142857142857,23.983333333333334,30.45,14.071428571428571,,5.5200000000000005,,27.614285714285717,27.857142857142858,7.328571428571428,0.39999999999999997
42,2007,10,27.87142857142857,24.642857142857142,31.914285714285715,0.4428571428571429,,8.183333333333334,,26.37142857142857,27.614285714285717,14.071428571428571,7.328571428571428
86,2007,11,28.12857142857143,25.599999999999998,32.028571428571425,1.6,,4.642857142857143,,27.87142857142857,26.37142857142857,0.4428571428571429,14.071428571428571
57,2007,12,27.5,23.983333333333334,31.514285714285716,24.583333333333332,,3.233333333333333,,28.12857142857143,27.87142857142857,1.6,0.4428571428571429
85,2007,13,27.24285714285714,24.114285714285717,31.32857142857143,8.714285714285714,,2.6,,27.5,28.12857142857143,24.583333333333332,1.6
125,2007,14,28.67142857142857,25.857142857142858,32.31428571428571,0.2571428571428572,,5.928571428571429,,27.24285714285714,27.5,8.714285714285714,24.583333333333332
97,2007,15,27.914285714285715,25.24285714285714,32.028571428571425,7.857142857142857,,3.8714285714285714,,28.67142857142857,27.24285714285714,0.2571428571428572,8.714285714285714
129,2007,16,28.785714285714285,25.87142857142857,32.94285714285714,0.2857142857142857,,2.9,,27.914285714285715,28.67142857142857,7.857142857142857,0.2571428571428572
111,2007,17,27.485714285714288,24.514285714285712,31.271428571428572,19.857142857142858,,2.8714285714285714,,28.785714285714285,27.914285714285715,0.2857142857142857,7.857142857142857
177,2007,18,27.97142857142857,23.857142857142858,30.3,10.514285714285716,,6.585714285714286,,27.485714285714288,28.785714285714285,19.857142857142858,0.2857142857142857
206,2007,19,28.642857142857142,25.2,32.371428571428574,3.514285714285714,140.0,6.0,,27.97142857142857,27.485714285714288,10.514285714285716,19.857142857142858
257,2007,20,27.985714285714288,24.61428571428571,31.37142857142857,3.142857142857143,,3.3000000000000003,,28.642857142857142,27.97142857142857,3.514285714285714,10.514285714285716
229,2007,21,28.728571428571428,25.314285714285713,32.01428571428571,4.528571428571429,,5.071428571428571,,27.985714285714288,28.642857142857142,3.142857142857143,3.514285714285714
290,2007,22,28.614285714285717,25.157142857142855,32.214285714285715,7.157142857142857,,4.714285714285714,,28.728571428571428,27.985714285714288,4.528571428571429,3.142857142857143
396,2007,23,28.657142857142855,26.185714285714287,32.32857142857143,0.9428571428571428,,3.7714285714285714,,28.614285714285717,28.728571428571428,7.157142857142857,4.528571428571429
348,2007,24,28.014285714285712,24.900000000000002,30.97142857142857,6.857142857142857,,4.957142857142857,,28.657142857142855,28.614285714285717,0.9428571428571428,7.157142857142857
380,2007,25,28.67142857142857,25.32857142857143,32.371428571428574,0.21428571428571427,164.0,4.885714285714286,,28.014285714285712,28.657142857142855,6.857142857142857,0.9428571428571428
433,2007,26,28.7,24.87142857142857,32.08571428571429,7.185714285714285,,5.642857142857143,,28.67142857142857,28.014285714285712,0.21428571428571427,6.857142857142857
376,2007,27,28.885714285714283,25.857142857142858,32.05714285714286,3.0142857142857147,143.0,6.914285714285714,,28.7,28.67142857142857,7.185714285714285,0.21428571428571427
360,2007,28,28.557142857142857,25.857142857142858,30.885714285714283,2.185714285714286,167.0,8.785714285714286,,28.885714285714283,28.7,3.0142857142857147,7.185714285714285
318,2007,29,27.514285714285712,24.657142857142855,30.657142857142862,7.228571428571429,,4.485714285714286,,28.557142857142857,28.885714285714283,2.185714285714286,3.0142857142857147
309,2007,30,26.0,24.071428571428573,28.414285714285715,6.571428571428571,,1.9428571428571428,,27.514285714285712,28.557142857142857,7.228571428571429,2.185714285714286
244,2007,31,28.228571428571428,24.928571428571427,30.82857142857143,2.4285714285714284,,6.642857142857143,,26.0,27.514285714285712,6.571428571428571,7.228571428571429
238,2007,32,28.771428571428572,25.457142857142856,31.857142857142858,2.442857142857143,163.6,10.614285714285714,,28.228571428571428,26.0,2.4285714285714284,6.571428571428571
238,2007,33,27.114285714285717,24.557142857142857,30.2,5.671428571428572,,4.585714285714286,,28.771428571428572,28.228571428571428,2.442857142857143,2.4285714285714284
191,2007,34,27.385714285714283,24.2,30.428571428571427,8.014285714285714,,6.1000000000000005,,27.114285714285717,28.771428571428572,5.671428571428572,2.442857142857143
206,2007,35,27.585714285714285,25.1,31.166666666666668,1.975,141.0,8.72,,27.385714285714283,27.114285714285717,8.014285714285714,5.671428571428572
203,2007,36,27.67142857142857,24.585714285714285,30.614285714285717,4.314285714285714,170.0,8.128571428571428,,27.585714285714285,27.385714285714283,1.975,8.014285714285714
194,2007,37,27.057142857142857,24.24285714285714,29.74285714285714,4.457142857142857,,5.885714285714286,,27.67142857142857,27.585714285714285,4.314285714285714,1.975
188,2007,38,28.75714285714286,25.385714285714283,31.842857142857138,0.2571428571428572,172.5,8.814285714285715,,27.057142857142857,27.67142857142857,4.457142857142857,4.314285714285714
173,2007,39,28.114285714285717,24.285714285714285,31.24285714285714,12.242857142857144,,6.885714285714286,,28.75714285714286,27.057142857142857,0.2571428571428572,4.457142857142857
156,2007,40,28.914285714285715,25.428571428571427,32.285714285714285,3.1142857142857143,142.5,8.9,,28.114285714285717,28.75714285714286,12.242857142857144,0.2571428571428572
122,2007,41,27.8,24.900000000000002,31.599999999999998,6.6,,4.3,,28.914285714285715,28.114285714285717,3.1142857142857143,12.242857142857144
142,2007,42,27.442857142857143,24.557142857142857,31.814285714285713,7.885714285714285,,4.185714285714285,,27.8,28.914285714285715,6.6,3.1142857142857143
114,2007,43,27.87142857142857,24.842857142857145,31.25714285714286,5.9,255.0,6.542857142857143,,27.442857142857143,27.8,7.885714285714285,6.6
106,2007,44,26.657142857142855,23.442857142857143,30.685714285714287,20.557142857142857,,3.9857142857142853,,27.87142857142857,27.442857142857143,5.9,7.885714285714285
126,2007,45,27.057142857142857,23.442857142857143,30.5,16.214285714285715,,3.8000000000000003,,26.657142857142855,27.87142857142857,20.557142857142857,5.9
138,2007,46,26.82857142857143,23.785714285714285,30.957142857142856,4.5,,2.914285714285714,,27.057142857142857,26.657142857142855,16.214285714285715,20.557142857142857
144,2007,47,27.071428571428573,24.32857142857143,30.771428571428572,8.314285714285715,,3.685714285714286,,26.82857142857143,27.057142857142857,4.5,16.214285714285715
131,2007,48,26.8,24.614285714285717,30.614285714285717,9.2,15.0,8.114285714285714,,27.071428571428573,26.82857142857143,8.314285714285715,4.5
128,2007,49,26.142857142857142,24.099999999999998,29.271428571428572,5.371428571428572,6.0,6.328571428571428,,26.8,27.071428571428573,9.2,8.314285714285715
98,2007,50,26.3,24.099999999999998,29.685714285714287,25.54285714285714,,5.114285714285714,,26.142857142857142,26.8,5.371428571428572,9.2
120,2007,51,26.099999999999998,23.314285714285713,30.142857142857142,4.428571428571429,,4.714285714285714,,26.3,26.142857142857142,25.54285714285714,5.371428571428572
117,2007,52,26.957142857142856,24.385714285714283,30.67142857142857,3.8142857142857145,,4.928571428571429,,26.099999999999998,26.3,4.428571428571429,25.54285714285714
120,2008,1,26.4,23.744444444444444,29.922222222222224,1.5,358.0,6.588888888888889,,26.957142857142856,26.099999999999998,3.8142857142857145,4.428571428571429
106,2008,2,26.128571428571426,24.014285714285712,29.957142857142856,25.842857142857145,,3.9,,26.4,26.957142857142856,1.5,3.8142857142857145
130,2008,3,27.042857142857144,23.900000000000002,31.428571428571427,9.114285714285714,,6.028571428571429,,26.128571428571426,26.4,25.842857142857145,1.5
109,2008,4,27.642857142857142,25.042857142857144,31.514285714285712,0.2571428571428572,22.0,10.828571428571427,,27.042857142857144,26.128571428571426,9.114285714285714,25.842857142857145
68,2008,5,26.37142857142857,24.142857142857142,30.357142857142858,7.7,22.333333333333332,8.6,,27.642857142857142,27.042857142857144,0.2571428571428572,9.114285714285714
103,2008,6,26.97142857142857,24.099999999999998,30.183333333333334,6.516666666666667,16.0,10.816666666666668,,26.37142857142857,27.642857142857142,7.7,0.2571428571428572
109,2008,7,26.914285714285715,24.21666666666667,31.085714285714285,0.0,8.8,12.116666666666667,,26.97142857142857,26.37142857142857,6.516666666666667,7.7
87,2008,8,27.24285714285714,23.88571428571429,31.885714285714283,0.0,9.666666666666666,9.9,,26.914285714285715,26.97142857142857,0.0,6.516666666666667
71,2008,9,26.457142857142856,23.442857142857143,29.985714285714288,5.928571428571428,,6.442857142857143,,27.24285714285714,26.914285714285715,0.0,0.0
74,2008,10,25.942857142857143,23.642857142857142,29.185714285714287,10.585714285714285,28.0,7.0,,26.457142857142856,27.24285714285714,5.928571428571428,0.0
68,2008,11,25.8,23.37142857142857,29.085714285714285,23.32857142857143,,5.757142857142857,,25.942857142857143,26.457142857142856,10.585714285714285,5.928571428571428
86,2008,12,26.97142857142857,23.97142857142857,30.82857142857143,6.214285714285714,,5.871428571428572,,25.8,25.942857142857143,23.32857142857143,10.585714285714285
77,2008,13,27.842857142857145,24.75714285714286,31.75714285714286,1.342857142857143,,6.8999999999999995,,26.97142857142857,25.8,6.214285714285714,23.32857142857143
95,2008,14,28.02857142857143,24.97142857142857,31.685714285714287,0.21428571428571427,,4.6000000000000005,,27.842857142857145,26.97142857142857,1.342857142857143,6.214285714285714
104,2008,15,27.457142857142856,24.157142857142855,31.685714285714287,9.914285714285713,,2.871428571428571,,28.02857142857143,27.842857142857145,0.21428571428571427,1.342857142857143
88,2008,16,28.12857142857143,25.014285714285712,31.857142857142858,0.5857142857142856,,4.557142857142857,,27.457142857142856,28.02857142857143,9.914285714285713,0.21428571428571427
117,2008,17,28.485714285714288,24.900000000000002,31.771428571428572,1.6285714285714286,134.0,6.685714285714285,,28.12857142857143,27.457142857142856,0.5857142857142856,9.914285714285713
106,2008,18,29.414285714285715,26.400000000000002,32.971428571428575,0.1142857142857143,121.0,6.442857142857143,,28.485714285714288,28.12857142857143,1.6285714285714286,0.5857142857142856
144,2008,19,28.32857142857143,25.057142857142857,31.47142857142857,1.0999999999999999,,5.285714285714286,,29.414285714285715,28.485714285714288,0.1142857142857143,1.6285714285714286
130,2008,20,29.02857142857143,25.32857142857143,32.01428571428571,5.228571428571428,165.0,9.271428571428572,,28.32857142857143,29.414285714285715,1.0999999999999999,0.1142857142857143
145,2008,21,29.52857142857143,27.057142857142857,33.31428571428572,0.0,139.25,9.485714285714286,,29.02857142857143,28.32857142857143,5.228571428571428,1.0999999999999999
172,2008,22,27.87142857142857,25.114285714285717,30.82857142857143,10.671428571428573,,6.242857142857143,,29.52857142857143,29.02857142857143,0.0,5.228571428571428
164,2008,23,27.385714285714283,24.62857142857143,30.485714285714288,7.785714285714286,,3.8428571428571425,,27.87142857142857,29.52857142857143,10.671428571428573,0.0
154,2008,24,28.599999999999998,24.74285714285714,31.571428571428573,3.1571428571428575,166.5,7.171428571428572,,27.385714285714283,27.87142857142857,7.785714285714286,10.671428571428573
130,2008,25,28.185714285714287,25.02857142857143,31.25714285714286,5.0,151.5,8.128571428571428,,28.599999999999998,27.385714285714283,3.1571428571428575,7.785714285714286
156,2008,26,28.914285714285715,25.657142857142855,32.24285714285714,0.7285714285714285,152.5,9.228571428571428,,28.185714285714287,28.599999999999998,5.0,3.1571428571428575
128,2008,27,28.457142857142856,25.52857142857143,31.642857142857142,0.32857142857142857,166.0,8.8,,28.914285714285715,28.185714285714287,0.7285714285714285,5.0
126,2008,28,27.75714285714286,24.74285714285714,30.62857142857143,2.942857142857143,167.5,7.342857142857143,,28.457142857142856,28.914285714285715,0.32857142857142857,0.7285714285714285
121,2008,29,27.685714285714287,25.085714285714285,30.842857142857145,4.485714285714286,183.0,7.8999999999999995,,27.75714285714286,28.457142857142856,2.942857142857143,0.32857142857142857
150,2008,30,26.885714285714283,23.74285714285714,29.442857142857143,5.257142857142857,147.0,5.914285714285714,,27.685714285714287,27.75714285714286,4.485714285714286,2.942857142857143
154,2008,31,29.0,26.25714285714286,32.27142857142857,0.0,155.6,10.671428571428573,,26.885714285714283,27.685714285714287,5.257142857142857,4.485714285714286
132,2008,32,27.885714285714283,24.585714285714285,31.657142857142862,22.928571428571427,154.33333333333334,11.085714285714285,,29.0,26.885714285714283,0.0,5.257142857142857
161,2008,33,28.12857142857143,24.61428571428571,31.457142857142856,1.457142857142857,134.0,9.442857142857141,,27.885714285714283,29.0,22.928571428571427,0.0
148,2008,34,26.52857142857143,24.3,30.042857142857144,7.228571428571428,156.0,6.257142857142857,,28.12857142857143,27.885714285714283,1.457142857142857,22.928571428571427
143,2008,35,26.785714285714285,24.25714285714286,29.785714285714285,14.3,,4.271428571428571,,26.52857142857143,28.12857142857143,7.228571428571428,1.457142857142857
118,2008,36,26.928571428571427,23.75714285714286,30.82857142857143,5.185714285714285,,5.371428571428571,,26.785714285714285,26.52857142857143,14.3,7.228571428571428
127,2008,37,27.599999999999998,24.714285714285715,30.542857142857144,4.142857142857143,194.0,6.571428571428571,,26.928571428571427,26.785714285714285,5.185714285714285,14.3
143,2008,38,28.642857142857142,25.857142857142858,31.47142857142857,0.6428571428571429,140.0,8.528571428571428,,27.599999999999998,26.928571428571427,4.142857142857143,5.185714285714285
135,2008,39,27.900000000000002,23.599999999999998,31.633333333333336,8.585714285714285,,6.216666666666666,,28.642857142857142,27.599999999999998,0.6428571428571429,4.142857142857143
178,2008,40,27.52857142857143,24.62857142857143,30.785714285714285,6.1000000000000005,,5.128571428571428,,27.900000000000002,28.642857142857142,8.585714285714285,0.6428571428571429
159,2008,41,27.571428571428573,24.685714285714287,31.5,2.242857142857143,,4.257142857142857,,27.52857142857143,27.900000000000002,6.1000000000000005,8.585714285714285
172,2008,42,27.657142857142855,25.342857142857145,31.871428571428574,6.314285714285715,,3.4714285714285715,,27.571428571428573,27.52857142857143,2.242857142857143,6.1000000000000005
132,2008,43,27.52857142857143,24.62857142857143,30.314285714285713,6.457142857142856,,3.914285714285714,,27.657142857142855,27.571428571428573,6.314285714285715,2.242857142857143
152,2008,44,27.585714285714285,24.32857142857143,31.728571428571428,7.728571428571429,,3.7285714285714286,,27.52857142857143,27.657142857142855,6.457142857142856,6.314285714285715
151,2008,45,27.97142857142857,24.928571428571427,31.985714285714288,7.114285714285715,,3.914285714285714,,27.585714285714285,27.52857142857143,7.728571428571429,6.457142857142856
134,2008,46,26.67142857142857,24.357142857142858,30.085714285714285,10.528571428571427,,4.314285714285714,,27.97142857142857,27.585714285714285,7.114285714285715,7.728571428571429
150,2008,47,27.185714285714287,24.32857142857143,31.24285714285714,13.714285714285714,,4.371428571428572,,26.67142857142857,27.97142857142857,10.528571428571427,7.114285714285715
154,2008,48,27.585714285714285,24.728571428571428,31.5,14.342857142857143,,4.085714285714286,,27.185714285714287,26.67142857142857,13.714285714285714,10.528571428571427
181,2008,49,27.38571428571429,24.728571428571428,31.542857142857144,13.085714285714285,,5.3,,27.585714285714285,27.185714285714287,14.342857142857143,13.714285714285714
219,2008,50,26.485714285714288,24.114285714285717,29.714285714285715,6.714285714285714,,7.957142857142857,,27.38571428571429,27.585714285714285,13.085714285714285,14.342857142857143
187,2008,51,26.928571428571427,24.24285714285714,30.414285714285715,3.628571428571429,8.666666666666666,9.87142857142857,,26.485714285714288,27.38571428571429,6.714285714285714,13.085714285714285
196,2008,52,26.62857142857143,24.085714285714285,30.042857142857144,10.342857142857143,106.0,7.814285714285715,,26.928571428571427,26.485714285714288,3.628571428571429,6.714285714285714
238,2009,1,26.4,24.175,29.85,10.225,,5.975,,26.62857142857143,26.928571428571427,10.342857142857143,3.628571428571429
144,2009,2,26.885714285714283,24.614285714285717,30.37142857142857,0.2571428571428572,74.8,10.314285714285715,,26.4,26.62857142857143,10.225,10.342857142857143
125,2009,3,26.685714285714283,24.24285714285714,30.400000000000002,0.04285714285714286,14.0,16.714285714285715,,26.885714285714283,26.4,0.2571428571428572,10.225
113,2009,4,27.014285714285712,23.87142857142857,31.2,0.0,18.5,12.9,,26.685714285714283,26.885714285714283,0.04285714285714286,0.2571428571428572
124,2009,5,27.014285714285712,24.357142857142858,31.45714285714286,0.04285714285714286,129.66666666666666,11.457142857142857,,27.014285714285712,26.685714285714283,0.0,0.04285714285714286
135,2009,6,27.02857142857143,23.67142857142857,31.657142857142855,0.0,8.0,10.928571428571429,,27.014285714285712,27.014285714285712,0.04285714285714286,0.0
123,2009,7,27.928571428571427,24.400000000000002,32.82857142857143,0.07142857142857142,11.0,7.7,,27.02857142857143,27.014285714285712,0.0,0.04285714285714286
113,2009,8,27.97142857142857,24.87142857142857,33.25714285714285,1.5571428571428572,23.666666666666668,10.642857142857142,,27.928571428571427,27.02857142857143,0.07142857142857142,0.0
87,2009,9,26.585714285714285,23.714285714285715,31.571428571428573,27.185714285714287,,4.242857142857143,,27.97142857142857,27.928571428571427,1.5571428571428572,0.07142857142857142
73,2009,10,27.2,23.55,31.614285714285717,18.87142857142857,,4.533333333333333,,26.585714285714285,27.97142857142857,27.185714285714287,1.5571428571428572
81,2009,11,26.657142857142855,23.8,30.914285714285715,3.742857142857143,,4.514285714285714,,27.2,26.585714285714285,18.87142857142857,27.185714285714287
79,2009,12,27.02857142857143,23.685714285714287,30.62857142857143,8.028571428571428,37.0,5.885714285714285,,26.657142857142855,27.2,3.742857142857143,18.87142857142857
86,2009,13,28.042857142857144,24.685714285714287,32.01428571428571,0.35714285714285715,,6.385714285714286,,27.02857142857143,26.657142857142855,8.028571428571428,3.742857142857143
93,2009,14,28.414285714285715,25.485714285714288,32.728571428571435,2.9428571428571426,,6.857142857142857,,28.042857142857144,27.02857142857143,0.35714285714285715,8.028571428571428
103,2009,15,27.514285714285712,25.214285714285715,31.47142857142857,5.485714285714286,,5.0,,28.414285714285715,28.042857142857144,2.9428571428571426,0.35714285714285715
105,2009,16,28.842857142857145,25.228571428571428,32.300000000000004,0.4714285714285714,205.0,6.514285714285714,,27.514285714285712,28.414285714285715,5.485714285714286,2.9428571428571426
77,2009,17,29.25714285714286,24.985714285714288,33.01428571428571,5.7,205.0,6.8999999999999995,,28.842857142857145,27.514285714285712,0.4714285714285714,5.485714285714286
93,2009,18,28.657142857142855,25.02857142857143,32.214285714285715,17.085714285714285,165.0,6.242857142857143,,29.25714285714286,28.842857142857145,5.7,0.4714285714285714
84,2009,19,28.642857142857142,23.957142857142856,31.985714285714288,12.742857142857144,234.0,6.385714285714286,,28.657142857142855,29.25714285714286,17.085714285714285,5.7
112,2009,20,28.557142857142857,25.17142857142857,32.214285714285715,5.028571428571429,,5.228571428571429,,28.642857142857142,28.657142857142855,12.742857142857144,17.085714285714285
121,2009,21,28.7,24.87142857142857,32.214285714285715,2.028571428571429,155.5,6.057142857142857,,28.557142857142857,28.642857142857142,5.028571428571429,12.742857142857144
79,2009,22,29.25714285714286,26.428571428571427,32.65714285714286,4.128571428571428,108.5,7.242857142857143,,28.7,28.557142857142857,2.028571428571429,5.028571428571429
102,2009,23,29.342857142857145,26.542857142857144,32.728571428571435,0.35714285714285715,177.4,8.514285714285714,,29.25714285714286,28.7,4.128571428571428,2.028571428571429
99,2009,24,29.571428571428573,26.37142857142857,32.98571428571429,0.04285714285714286,185.5,8.028571428571428,,29.342857142857145,29.25714285714286,0.35714285714285715,4.128571428571428
104,2009,25,29.75714285714286,26.571428571428573,33.042857142857144,1.557142857142857,180.66666666666666,9.342857142857143,,29.571428571428573,29.342857142857145,0.04285714285714286,0.35714285714285715
77,2009,26,28.428571428571427,25.599999999999998,31.72857142857143,0.7571428571428571,222.0,6.242857142857143,,29.75714285714286,29.571428571428573,1.557142857142857,0.04285714285714286
57,2009,27,28.37142857142857,25.12857142857143,32.75714285714286,1.5285714285714285,174.25,8.528571428571428,,28.428571428571427,29.75714285714286,0.7571428571428571,1.557142857142857
71,2009,28,27.642857142857142,24.400000000000002,31.2,9.171428571428573,,6.314285714285715,,28.37142857142857,28.428571428571427,1.5285714285714285,0.7571428571428571
61,2009,29,28.728571428571428,25.285714285714285,31.514285714285712,2.942857142857143,181.8,9.87142857142857,,27.642857142857142,28.37142857142857,9.171428571428573,1.5285714285714285
62,2009,30,28.385714285714283,24.485714285714288,31.12857142857143,7.442857142857142,193.66666666666666,8.128571428571428,,28.728571428571428,27.642857142857142,2.942857142857143,9.171428571428573
80,2009,31,28.47142857142857,25.12857142857143,31.7,2.3285714285714287,192.2,9.885714285714286,,28.385714285714283,28.728571428571428,7.442857142857142,2.942857142857143
66,2009,32,29.085714285714285,26.771428571428572,32.3,1.2285714285714284,177.0,9.857142857142858,,28.47142857142857,28.385714285714283,2.3285714285714287,7.442857142857142
71,2009,33,28.428571428571427,25.314285714285713,32.15714285714286,4.642857142857143,158.25,7.6571428571428575,,29.085714285714285,28.47142857142857,1.2285714285714284,2.3285714285714287
76,2009,34,28.185714285714283,25.614285714285717,31.7,5.2,,7.042857142857143,,28.428571428571427,29.085714285714285,4.642857142857143,1.2285714285714284
53,2009,35,27.5,24.014285714285712,30.585714285714285,9.842857142857143,221.66666666666666,7.3999999999999995,,28.185714285714283,28.428571428571427,5.2,4.642857142857143
44,2009,36,28.071428571428573,24.599999999999998,31.057142857142857,4.885714285714286,160.5,7.414285714285714,,27.5,28.185714285714283,9.842857142857143,5.2
54,2009,37,29.0,26.014285714285712,31.87142857142857,1.2714285714285711,186.0,8.942857142857143,,28.071428571428573,27.5,4.885714285714286,9.842857142857143
58,2009,38,27.942857142857143,24.942857142857143,31.228571428571428,9.642857142857142,250.0,6.442857142857143,,29.0,28.071428571428573,1.2714285714285711,4.885714285714286
52,2009,39,28.571428571428573,25.142857142857142,31.985714285714288,2.0,220.66666666666666,6.671428571428572,,27.942857142857143,29.0,9.642857142857142,1.2714285714285711
72,2009,40,28.2,25.400000000000002,31.814285714285717,3.6,221.0,7.085714285714286,,28.571428571428573,27.942857142857143,2.0,9.642857142857142
53,2009,41,28.385714285714283,24.285714285714285,31.82857142857143,3.9857142857142853,201.0,6.571428571428571,,28.2,28.571428571428573,3.6,2.0
73,2009,42,28.171428571428574,25.12857142857143,31.87142857142857,1.242857142857143,196.0,5.857142857142857,,28.385714285714283,28.2,3.9857142857142853,3.6
79,2009,43,29.185714285714287,26.357142857142858,32.971428571428575,0.0,,6.428571428571429,,28.171428571428574,28.385714285714283,1.242857142857143,3.9857142857142853
74,2009,44,27.82857142857143,24.900000000000002,31.814285714285713,12.37142857142857,,5.6000000000000005,,29.185714285714287,28.171428571428574,0.0,1.242857142857143
73,2009,45,27.728571428571428,25.071428571428573,32.214285714285715,14.542857142857144,27.5,5.5,,27.82857142857143,29.185714285714287,12.37142857142857,0.0
72,2009,46,26.914285714285715,24.642857142857142,30.714285714285715,2.9857142857142853,,4.5,,27.728571428571428,27.82857142857143,14.542857142857144,12.37142857142857
44,2009,47,26.657142857142855,24.071428571428573,30.942857142857143,20.828571428571426,,5.328571428571428,,26.914285714285715,27.728571428571428,2.9857142857142853,14.542857142857144
60,2009,48,27.82857142857143,25.37142857142857,32.24285714285715,1.5714285714285714,,6.871428571428572,,26.657142857142855,26.914285714285715,20.828571428571426,2.9857142857142853
60,2009,49,26.657142857142855,24.25714285714286,29.957142857142856,9.842857142857143,,5.757142857142857,,27.82857142857143,26.657142857142855,1.5714285714285714,20.828571428571426
72,2009,50,27.914285714285715,25.12857142857143,31.414285714285715,0.07142857142857142,24.0,11.385714285714286,,26.657142857142855,27.82857142857143,9.842857142857143,1.5714285714285714
71,2009,51,26.87142857142857,24.17142857142857,30.571428571428573,9.014285714285714,,6.842857142857143,,27.914285714285715,26.657142857142855,0.07142857142857142,9.842857142857143
66,2009,52,26.928571428571427,24.685714285714287,30.414285714285715,8.314285714285713,21.0,9.357142857142858,,26.87142857142857,27.914285714285715,9.014285714285714,0.07142857142857142
91,2010,53,28.066666666666666,25.166666666666668,31.8,0.0,44.0,7.2,,26.928571428571427,26.87142857142857,8.314285714285713,9.014285714285714
79,2010,1,27.157142857142855,24.02857142857143,30.457142857142856,1.2571428571428573,28.833333333333332,8.342857142857143,,28.066666666666666,26.928571428571427,0.0,8.314285714285713
74,2010,2,27.52857142857143,24.37142857142857,30.942857142857143,2.5714285714285716,14.166666666666666,10.87142857142857,,27.157142857142855,28.066666666666666,1.2571428571428573,0.0
129,2010,3,27.24285714285714,23.47142857142857,30.985714285714288,5.557142857142857,25.2,8.842857142857143,,27.52857142857143,27.157142857142855,2.5714285714285716,1.2571428571428573
96,2010,4,27.985714285714288,24.928571428571427,31.728571428571428,0.4714285714285714,20.8,11.414285714285715,,27.24285714285714,27.52857142857143,5.557142857142857,2.5714285714285716
109,2010,5,28.514285714285712,25.0,33.22857142857143,0.0,19.0,11.242857142857144,,27.985714285714288,27.24285714285714,0.4714285714285714,5.557142857142857
51,2010,6,28.914285714285715,25.52857142857143,33.15714285714286,0.2857142857142857,19.428571428571427,12.799999999999999,,28.514285714285712,27.985714285714288,0.0,0.4714285714285714
92,2010,7,28.885714285714283,25.657142857142855,33.128571428571426,0.4714285714285714,18.666666666666668,13.016666666666666,,28.914285714285715,28.514285714285712,0.2857142857142857,0.0
85,2010,8,29.442857142857143,25.8,34.357142857142854,0.14285714285714285,27.8,9.814285714285715,,28.885714285714283,28.914285714285715,0.4714285714285714,0.2857142857142857
80,2010,9,29.5,25.599999999999998,34.971428571428575,0.0,29.666666666666668,10.357142857142858,,29.442857142857143,28.885714285714283,0.14285714285714285,0.4714285714285714
80,2010,10,29.014285714285712,25.52857142857143,33.55714285714286,6.242857142857143,16.5,9.471428571428572,,29.5,29.442857142857143,0.0,0.14285714285714285
66,2010,11,27.7,24.25714285714286,31.571428571428573,8.928571428571429,10.666666666666666,8.671428571428573,,29.014285714285712,29.5,6.242857142857143,0.0
40,2010,12,28.514285714285712,24.614285714285717,32.44285714285714,11.799999999999999,28.333333333333332,7.585714285714286,,27.7,29.014285714285712,8.928571428571429,6.242857142857143
71,2010,13,27.900000000000002,24.62857142857143,31.657142857142855,10.157142857142857,34.5,5.785714285714286,,28.514285714285712,27.7,11.799999999999999,8.928571428571429
60,2010,14,29.3,25.185714285714287,33.25714285714286,1.6285714285714286,44.75,7.228571428571429,,27.900000000000002,28.514285714285712,10.157142857142857,11.799999999999999
66,2010,15,28.614285714285717,24.357142857142858,33.1,14.228571428571428,47.5,6.142857142857143,,29.3,27.900000000000002,1.6285714285714286,10.157142857142857
61,2010,16,28.428571428571427,25.414285714285715,33.05714285714286,2.314285714285714,26.0,4.928571428571429,,28.614285714285717,29.3,14.228571428571428,1.6285714285714286
50,2010,17,29.285714285714285,25.957142857142856,33.01428571428571,1.2428571428571427,53.0,6.357142857142857,,28.428571428571427,28.614285714285717,2.314285714285714,14.228571428571428
65,2010,18,29.842857142857145,26.52857142857143,34.1,3.342857142857143,60.5,6.557142857142857,,29.285714285714285,28.428571428571427,1.2428571428571427,2.314285714285714
60,2010,19,28.785714285714285,25.314285714285717,33.41428571428572,3.3428571428571425,3.0,4.728571428571429,,29.842857142857145,29.285714285714285,3.342857142857143,1.2428571428571427
75,2010,20,28.87142857142857,25.12857142857143,32.214285714285715,14.857142857142858,,6.142857142857143,,28.785714285714285,29.842857142857145,3.3428571428571425,3.342857142857143
73,2010,21,29.614285714285717,26.728571428571428,33.4,0.15714285714285717,176.0,6.228571428571429,,28.87142857142857,28.785714285714285,14.857142857142858,3.3428571428571425
86,2010,22,28.97142857142857,25.8,32.1,7.285714285714285,,5.371428571428572,,29.614285714285717,28.87142857142857,0.15714285714285717,14.857142857142858
92,2010,23,28.357142857142858,25.657142857142855,31.585714285714285,5.514285714285714,56.0,4.942857142857143,,28.97142857142857,29.614285714285717,7.285714285714285,0.15714285714285717
114,2010,24,28.099999999999998,24.62857142857143,30.97142857142857,11.285714285714286,,6.3,,28.357142857142858,28.97142857142857,5.514285714285714,7.285714285714285
135,2010,25,27.97142857142857,24.642857142857142,30.657142857142855,5.771428571428571,208.5,8.114285714285714,,28.099999999999998,28.357142857142858,11.285714285714286,5.514285714285714
104,2010,26,27.7,24.042857142857144,30.87142857142857,12.914285714285713,,5.271428571428571,,27.97142857142857,28.099999999999998,5.771428571428571,11.285714285714286
153,2010,27,28.47142857142857,25.657142857142855,32.08571428571428,0.8166666666666665,230.33333333333334,6.014285714285714,,27.7,27.97142857142857,12.914285714285713,5.771428571428571
119,2010,28,28.014285714285712,24.571428571428573,31.214285714285715,20.942857142857143,185.0,7.428571428571429,,28.47142857142857,27.7,0.8166666666666665,12.914285714285713
121,2010,29,27.614285714285717,24.52857142857143,30.62857142857143,3.3714285714285714,,6.828571428571428,,28.014285714285712,28.47142857142857,20.942857142857143,0.8166666666666665
126,2010,30,27.071428571428573,23.228571428571428,29.542857142857144,9.9,226.0,7.471428571428571,,27.614285714285717,28.014285714285712,3.3714285714285714,20.942857142857143
132,2010,31,28.37142857142857,25.085714285714285,31.32857142857143,3.742857142857143,184.0,8.1,,27.071428571428573,27.614285714285717,9.9,3.3714285714285714
147,2010,32,28.042857142857144,25.042857142857144,31.657142857142855,1.2428571428571427,142.0,8.657142857142857,,28.37142857142857,27.071428571428573,3.742857142857143,9.9
121,2010,33,27.400000000000002,23.82857142857143,30.67142857142857,15.357142857142858,,6.728571428571429,,28.042857142857144,28.37142857142857,1.2428571428571427,3.742857142857143
145,2010,34,28.400000000000002,24.785714285714285,31.67142857142857,0.7571428571428571,153.5,9.5,,27.400000000000002,28.042857142857144,15.357142857142858,1.2428571428571427
119,2010,35,28.342857142857145,24.97142857142857,31.585714285714285,5.542857142857143,207.0,8.114285714285714,,28.400000000000002,27.400000000000002,0.7571428571428571,15.357142857142858
174,2010,36,27.857142857142858,24.014285714285712,31.642857142857142,3.157142857142857,91.0,7.914285714285714,,28.342857142857145,28.400000000000002,5.542857142857143,0.7571428571428571
181,2010,37,28.47142857142857,24.67142857142857,31.87142857142857,3.6999999999999997,119.0,8.614285714285716,,27.857142857142858,28.342857142857145,3.157142857142857,5.542857142857143
168,2010,38,27.942857142857143,25.47142857142857,31.885714285714283,2.0285714285714285,,6.371428571428572,,28.47142857142857,27.857142857142858,3.6999999999999997,3.157142857142857
168,2010,39,28.042857142857144,24.3,31.814285714285713,12.72857142857143,,6.914285714285714,,27.942857142857143,28.47142857142857,2.0285714285714285,3.6999999999999997
146,2010,40,28.7,25.271428571428572,31.87142857142857,0.5142857142857143,,6.485714285714286,,28.042857142857144,27.942857142857143,12.72857142857143,2.0285714285714285
151,2010,41,29.171428571428574,25.542857142857144,32.15714285714286,0.4428571428571428,155.0,7.685714285714285,,28.7,28.042857142857144,0.5142857142857143,12.72857142857143
132,2010,42,28.071428571428573,25.32857142857143,31.52857142857143,6.128571428571429,,6.114285714285714,,29.171428571428574,28.7,0.4428571428571428,0.5142857142857143
101,2010,43,27.25714285714286,23.8,30.900000000000002,7.557142857142857,,6.357142857142857,,28.071428571428573,29.171428571428574,6.128571428571429,0.4428571428571428
114,2010,44,27.985714285714288,24.428571428571427,31.942857142857143,7.6000000000000005,173.0,8.285714285714286,,27.25714285714286,28.071428571428573,7.557142857142857,6.128571428571429
91,2010,45,26.97142857142857,24.085714285714285,30.885714285714283,9.357142857142858,,6.014285714285714,,27.985714285714288,27.25714285714286,7.6000000000000005,7.557142857142857
80,2010,46,27.385714285714283,24.24285714285714,31.214285714285715,14.8,,6.271428571428571,,26.97142857142857,27.985714285714288,9.357142857142858,7.6000000000000005
97,2010,47,27.714285714285715,24.3,32.25714285714286,4.742857142857143,91.0,7.214285714285714,,27.385714285714283,26.97142857142857,14.8,9.357142857142858
87,2010,48,26.82857142857143,23.342857142857145,31.300000000000004,20.47142857142857,,6.614285714285714,,27.714285714285715,27.385714285714283,4.742857142857143,14.8
79,2010,49,27.457142857142856,24.442857142857143,31.642857142857142,1.842857142857143,,6.3999999999999995,,26.82857142857143,27.714285714285715,20.47142857142857,4.742857142857143
93,2010,50,26.585714285714285,23.842857142857145,31.157142857142855,5.514285714285714,,6.914285714285714,,27.457142857142856,26.82857142857143,1.842857142857143,20.47142857142857
85,2010,51,26.928571428571427,23.8,30.62857142857143,3.585714285714286,,7.771428571428571,,26.585714285714285,27.457142857142856,5.514285714285714,1.842857142857143
86,2011,52,27.7,23.6,31.3,0.0,,11.6,,26.928571428571427,26.585714285714285,3.585714285714286,5.514285714285714
