adm_0_name,adm_1_name,adm_2_name,full_name,ISO_A0,FAO_GAUL_code,RNE_iso_code,IBGE_code,calendar_start_date,calendar_end_date,Year,dengue_total,case_definition_standardised,S_res,T_res,UUID,week_number,year,tavg,tmin,tmax,prcp,snow,wdir,wspd,wpgt,pres,tsun
SINGAPORE,,,SINGAPORE,SGP,222,SGP,,2003-01-05,2003-01-11,2003,103,Confirmed,Admin0,Week,MOH-SGP-20002011-Y01-02,1,2003,26.95,24.2625,30.9875,7.3375,,148.6,8.075,,1012.8666666666667,
SINGAPORE,,,SINGAPORE,SGP,222,SGP,,2003-01-12,2003-01-18,2003,95,Confirmed,Admin0,Week,MOH-SGP-20002011-Y01-02,2,2003,26.400000000000002,24.057142857142857,29.883333333333336,9.542857142857143,,277.2,6.283333333333334,,,
SINGAPORE,,,SINGAPORE,SGP,222,SGP,,2003-01-19,2003-01-25,2003,84,Confirmed,Admin0,Week,MOH-SGP-20002011-Y01-02,3,2003,26.883333333333336,24.400000000000002,30.133333333333336,17.266666666666666,,182.0,11.84,,,
SINGAPORE,,,SINGAPORE,SGP,222,SGP,,2003-01-26,2003-02-01,2003,89,Confirmed,Admin0,Week,MOH-SGP-20002011-Y01-02,4,2003,27.214285714285715,24.457142857142856,31.285714285714285,1.8285714285714287,,13.0,8.985714285714286,,,
SINGAPORE,,,SINGAPORE,SGP,222,SGP,,2003-02-02,2003-02-08,2003,62,Confirmed,Admin0,Week,MOH-SGP-20002011-Y01-02,5,2003,26.37142857142857,24.285714285714285,29.071428571428573,31.957142857142856,,86.0,9.985714285714286,,,
SINGAPORE,,,SINGAPORE,SGP,222,SGP,,2003-02-09,2003-02-15,2003,88,Confirmed,Admin0,Week,MOH-SGP-20002011-Y01-02,6,2003,26.428571428571427,23.599999999999998,29.914285714285715,4.514285714285714,,235.83333333333334,10.942857142857141,,,
SINGAPORE,,,SINGAPORE,SGP,222,SGP,,2003-02-16,2003-02-22,2003,88,Confirmed,Admin0,Week,MOH-SGP-20002011-Y01-02,7,2003,27.342857142857145,25.314285714285713,30.685714285714287,6.171428571428571,,19.8,9.357142857142858,,,
SINGAPORE,,,SINGAPORE,SGP,222,SGP,,2003-02-23,2003-03-01,2003,99,Confirmed,Admin0,Week,MOH-SGP-20002011-Y01-02,8,2003,27.25714285714286,23.95,31.057142857142857,12.228571428571428,,15.666666666666666,9.033333333333333,,,
SINGAPORE,,,SINGAPORE,SGP,222,SGP,,2003-03-02,2003-03-08,2003,60,Confirmed,Admin0,Week,MOH-SGP-20002011-Y01-02,9,2003,27.87142857142857,24.771428571428572,32.22857142857143,3.2714285714285714,,9.8,9.171428571428573,,,
SINGAPORE,,,SINGAPORE,SGP,222,SGP,,2003-03-09,2003-03-15,2003,92,Confirmed,Admin0,Week,MOH-SGP-20002011-Y01-02,10,2003,27.97142857142857,24.414285714285715,32.528571428571425,11.185714285714285,,,5.471428571428571,,,
SINGAPORE,,,SINGAPORE,SGP,222,SGP,,2003-03-16,2003-03-22,2003,85,Confirmed,Admin0,Week,MOH-SGP-20002011-Y01-02,11,2003,28.099999999999998,25.042857142857144,31.885714285714283,5.8428571428571425,,37.5,9.442857142857141,,,
SINGAPORE,,,SINGAPORE,SGP,222,SGP,,2003-03-23,2003-03-29,2003,64,Confirmed,Admin0,Week,MOH-SGP-20002011-Y01-02,12,2003,28.571428571428573,25.842857142857145,32.516666666666666,1.8857142857142857,,41.0,6.9,,,
SINGAPORE,,,SINGAPORE,SGP,222,SGP,,2003-03-30,2003-04-05,2003,97,Confirmed,Admin0,Week,MOH-SGP-20002011-Y01-02,13,2003,27.82857142857143,25.52857142857143,31.542857142857144,3.3000000000000003,,66.0,3.9285714285714284,,,
SINGAPORE,,,SINGAPORE,SGP,222,SGP,,2003-04-06,2003-04-12,2003,63,Confirmed,Admin0,Week,MOH-SGP-20002011-Y01-02,14,2003,27.642857142857142,24.599999999999998,32.75714285714286,9.628571428571428,,,3.3285714285714287,,,
SINGAPORE,,,SINGAPORE,SGP,222,SGP,,2003-04-13,2003-04-19,2003,53,Confirmed,Admin0,Week,MOH-SGP-20002011-Y01-02,15,2003,27.728571428571428,25.12857142857143,31.87142857142857,4.857142857142857,,,3.5142857142857147,,,
SINGAPORE,,,SINGAPORE,SGP,222,SGP,,2003-04-20,2003-04-26,2003,75,Confirmed,Admin0,Week,MOH-SGP-20002011-Y01-02,16,2003,27.62857142857143,25.071428571428573,31.3,2.9285714285714284,,,2.857142857142857,,,
SINGAPORE,,,SINGAPORE,SGP,222,SGP,,2003-04-27,2003-05-03,2003,36,Confirmed,Admin0,Week,MOH-SGP-20002011-Y01-02,17,2003,28.485714285714288,25.87142857142857,32.44285714285714,0.37142857142857144,,,3.0,,,
SINGAPORE,,,SINGAPORE,SGP,222,SGP,,2003-05-04,2003-05-10,2003,80,Confirmed,Admin0,Week,MOH-SGP-20002011-Y01-02,18,2003,28.485714285714288,25.67142857142857,31.928571428571427,6.285714285714286,,,2.942857142857143,,,
SINGAPORE,,,SINGAPORE,SGP,222,SGP,,2003-05-11,2003-05-17,2003,95,Confirmed,Admin0,Week,MOH-SGP-20002011-Y01-02,19,2003,28.3,26.2,32.128571428571426,6.2,,,3.316666666666667,,,
SINGAPORE,,,SINGAPORE,SGP,222,SGP,,2003-05-18,2003-05-24,2003,125,Confirmed,Admin0,Week,MOH-SGP-20002011-Y01-02,20,2003,28.971428571428568,25.728571428571428,32.06666666666667,1.2,,,3.1,,1009.6500000000001,
SINGAPORE,,,SINGAPORE,SGP,222,SGP,,2003-05-25,2003-05-31,2003,188,Confirmed,Admin0,Week,MOH-SGP-20002011-Y01-02,21,2003,30.214285714285715,27.042857142857144,33.57142857142857,0.0,,141.0,8.128571428571428,,1010.3,
SINGAPORE,,,SINGAPORE,SGP,222,SGP,,2003-06-01,2003-06-07,2003,256,Confirmed,Admin0,Week,MOH-SGP-20002011-Y01-02,22,2003,29.97142857142857,26.585714285714285,33.42857142857143,3.342857142857143,,179.0,7.45,,1009.2166666666667,
SINGAPORE,,,SINGAPORE,SGP,222,SGP,,2003-06-08,2003-06-14,2003,163,Confirmed,Admin0,Week,MOH-SGP-20002011-Y01-02,23,2003,29.97142857142857,27.25714285714286,33.7,1.5285714285714285,,138.6,11.1,,1009.4666666666667,
SINGAPORE,,,SINGAPORE,SGP,222,SGP,,2003-06-15,2003-06-21,2003,163,Confirmed,Admin0,Week,MOH-SGP-20002011-Y01-02,24,2003,29.228571428571428,26.557142857142857,32.471428571428575,1.2285714285714284,,153.0,8.742857142857144,,1009.5714285714286,
SINGAPORE,,,SINGAPORE,SGP,222,SGP,,2003-06-22,2003-06-28,2003,130,Confirmed,Admin0,Week,MOH-SGP-20002011-Y01-02,25,2003,28.8,24.914285714285715,32.357142857142854,3.485714285714286,,,7.985714285714286,,1009.0571428571428,
SINGAPORE,,,SINGAPORE,SGP,222,SGP,,2003-06-29,2003-07-05,2003,143,Confirmed,Admin0,Week,MOH-SGP-20002011-Y01-02,26,2003,27.957142857142856,25.12857142857143,31.785714285714285,1.0999999999999999,,,4.871428571428572,,1009.8285714285714,
SINGAPORE,,,SINGAPORE,SGP,222,SGP,,2003-07-06,2003-07-12,2003,126,Confirmed,Admin0,Week,MOH-SGP-20002011-Y01-02,27,2003,27.814285714285713,24.442857142857143,31.385714285714283,7.1571428571428575,,156.0,6.228571428571428,,1010.0,
SINGAPORE,,,SINGAPORE,SGP,222,SGP,,2003-07-13,2003-07-19,2003,76,Confirmed,Admin0,Week,MOH-SGP-20002011-Y01-02,28,2003,27.571428571428573,23.728571428571428,30.928571428571427,9.242857142857144,,,7.271428571428571,,1009.7571428571429,
SINGAPORE,,,SINGAPORE,SGP,222,SGP,,2003-07-20,2003-07-26,2003,74,Confirmed,Admin0,Week,MOH-SGP-20002011-Y01-02,29,2003,28.12857142857143,24.842857142857145,31.583333333333332,6.7,,176.33333333333334,8.25,,1009.65,
SINGAPORE,,,SINGAPORE,SGP,222,SGP,,2003-07-27,2003-08-02,2003,59,Confirmed,Admin0,Week,MOH-SGP-20002011-Y01-02,30,2003,28.957142857142856,26.114285714285717,31.728571428571428,0.07142857142857142,,153.83333333333334,12.4,,1010.0571428571428,
SINGAPORE,,,SINGAPORE,SGP,222,SGP,,2003-08-03,2003-08-09,2003,61,Confirmed,Admin0,Week,MOH-SGP-20002011-Y01-02,31,2003,28.914285714285715,25.771428571428572,32.385714285714286,4.357142857142857,,151.0,9.842857142857143,,1010.6,
SINGAPORE,,,SINGAPORE,SGP,222,SGP,,2003-08-10,2003-08-16,2003,60,Confirmed,Admin0,Week,MOH-SGP-20002011-Y01-02,32,2003,28.67142857142857,25.642857142857142,31.7,10.700000000000001,,149.75,10.614285714285714,,1009.1714285714286,
SINGAPORE,,,SINGAPORE,SGP,222,SGP,,2003-08-17,2003-08-23,2003,81,Confirmed,Admin0,Week,MOH-SGP-20002011-Y01-02,33,2003,27.714285714285715,25.414285714285715,31.285714285714285,7.6,,161.66666666666666,8.700000000000001,,1009.8166666666666,
SINGAPORE,,,SINGAPORE,SGP,222,SGP,,2003-08-24,2003-08-30,2003,91,Confirmed,Admin0,Week,MOH-SGP-20002011-Y01-02,34,2003,29.12857142857143,25.82857142857143,32.6,0.4714285714285714,,167.25,9.128571428571428,,1009.657142857143,
SINGAPORE,,,SINGAPORE,SGP,222,SGP,,2003-08-31,2003-09-06,2003,49,Confirmed,Admin0,Week,MOH-SGP-20002011-Y01-02,35,2003,27.314285714285713,24.650000000000002,31.228571428571428,6.3,,,5.966666666666666,,1010.8333333333334,
SINGAPORE,,,SINGAPORE,SGP,222,SGP,,2003-09-07,2003-09-13,2003,77,Confirmed,Admin0,Week,MOH-SGP-20002011-Y01-02,36,2003,28.24285714285714,24.771428571428572,31.571428571428573,9.214285714285714,,160.0,7.942857142857143,,1010.7714285714285,
SINGAPORE,,,SINGAPORE,SGP,222,SGP,,2003-09-14,2003-09-20,2003,60,Confirmed,Admin0,Week,MOH-SGP-20002011-Y01-02,37,2003,27.485714285714288,24.614285714285717,30.75714285714286,3.2714285714285714,,184.0,5.883333333333333,,1010.0666666666666,
SINGAPORE,,,SINGAPORE,SGP,222,SGP,,2003-09-21,2003-09-27,2003,76,Confirmed,Admin0,Week,MOH-SGP-20002011-Y01-02,38,2003,27.0,24.099999999999998,30.82857142857143,8.314285714285713,,201.0,4.05,,1011.1333333333333,
SINGAPORE,,,SINGAPORE,SGP,222,SGP,,2003-09-28,2003-10-04,2003,65,Confirmed,Admin0,Week,MOH-SGP-20002011-Y01-02,39,2003,27.985714285714288,24.957142857142856,31.428571428571427,8.028571428571428,,,6.0,,1010.0,
SINGAPORE,,,SINGAPORE,SGP,222,SGP,,2003-10-05,2003-10-11,2003,73,Confirmed,Admin0,Week,MOH-SGP-20002011-Y01-02,40,2003,28.442857142857143,25.24285714285714,31.914285714285715,6.8999999999999995,,138.5,6.871428571428572,,1008.657142857143,
SINGAPORE,,,SINGAPORE,SGP,222,SGP,,2003-10-12,2003-10-18,2003,66,Confirmed,Admin0,Week,MOH-SGP-20002011-Y01-02,41,2003,26.82857142857143,23.885714285714283,29.642857142857142,21.342857142857145,,,5.428571428571429,,1010.2857142857143,
SINGAPORE,,,SINGAPORE,SGP,222,SGP,,2003-10-19,2003-10-25,2003,73,Confirmed,Admin0,Week,MOH-SGP-20002011-Y01-02,42,2003,27.428571428571427,23.785714285714285,31.099999999999998,7.871428571428572,,,4.628571428571428,,1010.7428571428571,
SINGAPORE,,,SINGAPORE,SGP,222,SGP,,2003-10-26,2003-11-01,2003,95,Confirmed,Admin0,Week,MOH-SGP-20002011-Y01-02,43,2003,28.614285714285717,25.642857142857142,31.857142857142858,2.0714285714285716,,,6.014285714285714,,1011.0857142857143,
SINGAPORE,,,SINGAPORE,SGP,222,SGP,,2003-11-02,2003-11-08,2003,98,Confirmed,Admin0,Week,MOH-SGP-20002011-Y01-02,44,2003,26.8,23.583333333333332,31.114285714285717,14.714285714285714,,78.0,4.2,,1010.0666666666666,
SINGAPORE,,,SINGAPORE,SGP,222,SGP,,2003-11-09,2003-11-15,2003,93,Confirmed,Admin0,Week,MOH-SGP-20002011-Y01-02,45,2003,27.542857142857144,24.46666666666667,32.15,2.985714285714286,,,4.1000000000000005,,1009.8333333333334,
SINGAPORE,,,SINGAPORE,SGP,222,SGP,,2003-11-16,2003-11-22,2003,88,Confirmed,Admin0,Week,MOH-SGP-20002011-Y01-02,46,2003,27.771428571428572,25.185714285714283,31.842857142857145,4.728571428571429,,,3.085714285714286,,1009.2833333333333,
SINGAPORE,,,SINGAPORE,SGP,222,SGP,,2003-11-23,2003-11-29,2003,57,Confirmed,Admin0,Week,MOH-SGP-20002011-Y01-02,47,2003,27.142857142857142,24.814285714285713,30.47142857142857,7.414285714285714,,,3.0714285714285716,,1010.55,
SINGAPORE,,,SINGAPORE,SGP,222,SGP,,2003-11-30,2003-12-06,2003,66,Confirmed,Admin0,Week,MOH-SGP-20002011-Y01-02,48,2003,26.37142857142857,24.642857142857142,29.5,1.7,,338.0,4.6571428571428575,,1010.0571428571428,
SINGAPORE,,,SINGAPORE,SGP,222,SGP,,2003-12-07,2003-12-13,2003,94,Confirmed,Admin0,Week,MOH-SGP-20002011-Y01-02,49,2003,26.928571428571427,24.8,30.24285714285714,2.9285714285714284,,357.0,6.228571428571429,,1009.5,
SINGAPORE,,,SINGAPORE,SGP,222,SGP,,2003-12-14,2003-12-20,2003,82,Confirmed,Admin0,Week,MOH-SGP-20002011-Y01-02,50,2003,25.957142857142856,24.24285714285714,28.771428571428572,10.542857142857143,,348.0,5.083333333333333,,1009.9166666666666,
SINGAPORE,,,SINGAPORE,SGP,222,SGP,,2003-12-21,2003-12-27,2003,68,Confirmed,Admin0,Week,MOH-SGP-20002011-Y01-02,51,2003,26.057142857142857,23.62857142857143,29.414285714285715,21.24285714285714,,328.0,6.6000000000000005,,1011.5142857142857,
SINGAPORE,,,SINGAPORE,SGP,222,SGP,,2003-12-28,2004-01-03,2003,50,Confirmed,Admin0,Week,MOH-SGP-20002011-Y01-02,52,2003,27.12857142857143,24.485714285714288,30.557142857142857,3.3428571428571425,,109.0,11.485714285714286,,1012.0142857142857,
SINGAPORE,,,SINGAPORE,SGP,222,SGP,,2004-01-04,2004-01-10,2004,80,Confirmed,Admin0,Week,MOH-SGP-20002011-Y01-03,1,2004,27.625,24.55,31.875,0.0,,5.666666666666667,11.375,,,
SINGAPORE,,,SINGAPORE,SGP,222,SGP,,2004-01-11,2004-01-17,2004,82,Confirmed,Admin0,Week,MOH-SGP-20002011-Y01-03,2,2004,27.342857142857145,24.7,31.142857142857142,5.957142857142856,,111.57142857142857,11.12857142857143,,,
SINGAPORE,,,SINGAPORE,SGP,222,SGP,,2004-01-18,2004-01-24,2004,52,Confirmed,Admin0,Week,MOH-SGP-20002011-Y01-03,3,2004,27.7,24.866666666666664,31.566666666666666,2.314285714285714,,21.166666666666668,13.549999999999999,,,
SINGAPORE,,,SINGAPORE,SGP,222,SGP,,2004-01-25,2004-01-31,2004,79,Confirmed,Admin0,Week,MOH-SGP-20002011-Y01-03,4,2004,26.17142857142857,23.266666666666666,29.650000000000002,57.471428571428575,,149.0,10.25,,,
SINGAPORE,,,SINGAPORE,SGP,222,SGP,,2004-02-01,2004-02-07,2004,66,Confirmed,Admin0,Week,MOH-SGP-20002011-Y01-03,5,2004,26.2,23.385714285714283,29.12857142857143,20.071428571428573,,333.0,6.242857142857143,,,
SINGAPORE,,,SINGAPORE,SGP,222,SGP,,2004-02-08,2004-02-14,2004,60,Confirmed,Admin0,Week,MOH-SGP-20002011-Y01-03,6,2004,27.285714285714285,24.357142857142858,31.2,7.114285714285715,,135.0,8.642857142857142,,,
SINGAPORE,,,SINGAPORE,SGP,222,SGP,,2004-02-15,2004-02-21,2004,61,Confirmed,Admin0,Week,MOH-SGP-20002011-Y01-03,7,2004,27.7,25.214285714285715,31.5,0.0,,69.33333333333333,14.75,,,
SINGAPORE,,,SINGAPORE,SGP,222,SGP,,2004-02-22,2004-02-29,2004,53,Confirmed,Admin0,Week,MOH-SGP-20002011-Y01-03,8,2004,27.8,24.885714285714283,32.128571428571426,0.0,,16.571428571428573,14.328571428571427,,,
SINGAPORE,,,SINGAPORE,SGP,222,SGP,,2004-02-29,2004-03-06,2004,62,Confirmed,Admin0,Week,MOH-SGP-20002011-Y01-03,9,2004,28.014285714285712,24.5,32.8,0.0,,96.75,10.185714285714285,,,
SINGAPORE,,,SINGAPORE,SGP,222,SGP,,2004-03-07,2004-03-13,2004,56,Confirmed,Admin0,Week,MOH-SGP-20002011-Y01-03,10,2004,28.099999999999998,24.957142857142856,32.871428571428574,2.185714285714286,,136.66666666666666,8.2,,,
SINGAPORE,,,SINGAPORE,SGP,222,SGP,,2004-03-14,2004-03-20,2004,34,Confirmed,Admin0,Week,MOH-SGP-20002011-Y01-03,11,2004,26.5,23.2,30.74285714285714,28.88571428571429,,334.75,6.585714285714286,,,
SINGAPORE,,,SINGAPORE,SGP,222,SGP,,2004-03-21,2004-03-27,2004,41,Confirmed,Admin0,Week,MOH-SGP-20002011-Y01-03,12,2004,27.599999999999998,24.314285714285713,31.957142857142856,2.0714285714285716,,31.0,6.057142857142858,,,
SINGAPORE,,,SINGAPORE,SGP,222,SGP,,2004-03-28,2004-04-03,2004,41,Confirmed,Admin0,Week,MOH-SGP-20002011-Y01-03,13,2004,28.314285714285717,24.75714285714286,32.642857142857146,4.985714285714287,,,4.857142857142857,,,
SINGAPORE,,,SINGAPORE,SGP,222,SGP,,2004-04-04,2004-04-10,2004,37,Confirmed,Admin0,Week,MOH-SGP-20002011-Y01-03,14,2004,28.285714285714285,25.7,32.57142857142857,1.2428571428571427,,96.0,5.357142857142857,,,
SINGAPORE,,,SINGAPORE,SGP,222,SGP,,2004-04-11,2004-04-17,2004,99,Confirmed,Admin0,Week,MOH-SGP-20002011-Y01-03,15,2004,28.657142857142855,25.75714285714286,32.65714285714286,1.4571428571428573,,,5.057142857142857,,,
SINGAPORE,,,SINGAPORE,SGP,222,SGP,,2004-04-18,2004-04-24,2004,80,Confirmed,Admin0,Week,MOH-SGP-20002011-Y01-03,16,2004,30.02857142857143,27.099999999999998,34.0,0.0,,112.75,9.357142857142858,,,
SINGAPORE,,,SINGAPORE,SGP,222,SGP,,2004-04-25,2004-05-01,2004,87,Confirmed,Admin0,Week,MOH-SGP-20002011-Y01-03,17,2004,29.057142857142857,26.314285714285717,33.714285714285715,2.6142857142857143,,32.0,6.1571428571428575,,,
SINGAPORE,,,SINGAPORE,SGP,222,SGP,,2004-05-02,2004-05-08,2004,135,Confirmed,Admin0,Week,MOH-SGP-20002011-Y01-03,18,2004,28.7,25.599999999999998,33.128571428571426,3.2285714285714286,,,4.542857142857143,,,
SINGAPORE,,,SINGAPORE,SGP,222,SGP,,2004-05-09,2004-05-15,2004,116,Confirmed,Admin0,Week,MOH-SGP-20002011-Y01-03,19,2004,28.514285714285712,25.914285714285715,32.128571428571426,16.0,,,4.014285714285714,,,
SINGAPORE,,,SINGAPORE,SGP,222,SGP,,2004-05-16,2004-05-22,2004,91,Confirmed,Admin0,Week,MOH-SGP-20002011-Y01-03,20,2004,29.957142857142856,27.342857142857145,33.7,0.32857142857142857,,123.0,6.542857142857143,,,
SINGAPORE,,,SINGAPORE,SGP,222,SGP,,2004-05-23,2004-05-29,2004,124,Confirmed,Admin0,Week,MOH-SGP-20002011-Y01-03,21,2004,29.842857142857145,27.514285714285712,33.31428571428571,0.5857142857142856,,,6.185714285714285,,,
SINGAPORE,,,SINGAPORE,SGP,222,SGP,,2004-05-30,2004-06-05,2004,144,Confirmed,Admin0,Week,MOH-SGP-20002011-Y01-03,22,2004,27.67142857142857,25.014285714285712,31.842857142857138,2.442857142857143,,,3.585714285714286,,,
SINGAPORE,,,SINGAPORE,SGP,222,SGP,,2004-06-06,2004-06-12,2004,133,Confirmed,Admin0,Week,MOH-SGP-20002011-Y01-03,23,2004,28.17142857142857,24.47142857142857,32.042857142857144,6.014285714285714,,,4.871428571428572,,,
SINGAPORE,,,SINGAPORE,SGP,222,SGP,,2004-06-13,2004-06-19,2004,154,Confirmed,Admin0,Week,MOH-SGP-20002011-Y01-03,24,2004,28.942857142857143,24.97142857142857,32.22857142857143,14.185714285714285,,159.0,6.6000000000000005,,,
SINGAPORE,,,SINGAPORE,SGP,222,SGP,,2004-06-20,2004-06-26,2004,163,Confirmed,Admin0,Week,MOH-SGP-20002011-Y01-03,25,2004,29.900000000000002,26.900000000000002,33.25714285714286,0.0,,157.4,10.799999999999999,,,
SINGAPORE,,,SINGAPORE,SGP,222,SGP,,2004-06-27,2004-07-03,2004,163,Confirmed,Admin0,Week,MOH-SGP-20002011-Y01-03,26,2004,29.17142857142857,26.78333333333333,31.95,0.2857142857142857,,163.66666666666666,7.8500000000000005,,,
SINGAPORE,,,SINGAPORE,SGP,222,SGP,,2004-07-04,2004-07-10,2004,188,Confirmed,Admin0,Week,MOH-SGP-20002011-Y01-03,27,2004,28.342857142857145,24.928571428571427,32.36666666666667,5.528571428571428,,187.0,5.8999999999999995,,,
SINGAPORE,,,SINGAPORE,SGP,222,SGP,,2004-07-11,2004-07-17,2004,218,Confirmed,Admin0,Week,MOH-SGP-20002011-Y01-03,28,2004,26.885714285714283,24.52857142857143,30.542857142857144,2.3,,,4.316666666666667,,,
SINGAPORE,,,SINGAPORE,SGP,222,SGP,,2004-07-18,2004-07-24,2004,218,Confirmed,Admin0,Week,MOH-SGP-20002011-Y01-03,29,2004,27.014285714285712,23.75714285714286,30.571428571428573,9.042857142857143,,,3.3857142857142857,,,
SINGAPORE,,,SINGAPORE,SGP,222,SGP,,2004-07-25,2004-07-31,2004,218,Confirmed,Admin0,Week,MOH-SGP-20002011-Y01-03,30,2004,28.099999999999998,24.12857142857143,31.214285714285715,3.857142857142857,,178.5,9.042857142857143,,,
SINGAPORE,,,SINGAPORE,SGP,222,SGP,,2004-08-01,2004-08-07,2004,305,Confirmed,Admin0,Week,MOH-SGP-20002011-Y01-03,31,2004,26.928571428571427,24.7,30.542857142857144,3.6714285714285713,,,4.514285714285714,,,
SINGAPORE,,,SINGAPORE,SGP,222,SGP,,2004-08-08,2004-08-14,2004,251,Confirmed,Admin0,Week,MOH-SGP-20002011-Y01-03,32,2004,28.2,25.042857142857144,31.228571428571428,4.314285714285714,,158.5,11.571428571428571,,,
SINGAPORE,,,SINGAPORE,SGP,222,SGP,,2004-08-15,2004-08-21,2004,278,Confirmed,Admin0,Week,MOH-SGP-20002011-Y01-03,33,2004,28.357142857142858,25.857142857142858,31.514285714285712,0.0,,158.16666666666666,11.214285714285714,,,
SINGAPORE,,,SINGAPORE,SGP,222,SGP,,2004-08-22,2004-08-28,2004,329,Confirmed,Admin0,Week,MOH-SGP-20002011-Y01-03,34,2004,28.24285714285714,24.842857142857145,32.05714285714286,6.2,,162.0,9.4,,,
SINGAPORE,,,SINGAPORE,SGP,222,SGP,,2004-08-29,2004-09-04,2004,274,Confirmed,Admin0,Week,MOH-SGP-20002011-Y01-03,35,2004,28.671428571428574,25.728571428571428,31.814285714285713,16.4,,148.4,10.385714285714286,,,
SINGAPORE,,,SINGAPORE,SGP,222,SGP,,2004-09-05,2004-09-11,2004,308,Confirmed,Admin0,Week,MOH-SGP-20002011-Y01-03,36,2004,28.657142857142855,26.099999999999998,32.05714285714286,2.0714285714285716,,142.4,12.433333333333332,,,
SINGAPORE,,,SINGAPORE,SGP,222,SGP,,2004-09-12,2004-09-18,2004,260,Confirmed,Admin0,Week,MOH-SGP-20002011-Y01-03,37,2004,28.2,25.342857142857145,32.2,1.45,,112.33333333333333,10.071428571428571,,,
SINGAPORE,,,SINGAPORE,SGP,222,SGP,,2004-09-19,2004-09-25,2004,326,Confirmed,Admin0,Week,MOH-SGP-20002011-Y01-03,38,2004,27.414285714285715,24.685714285714287,31.314285714285713,4.357142857142857,,,6.55,,,
SINGAPORE,,,SINGAPORE,SGP,222,SGP,,2004-09-26,2004-10-02,2004,301,Confirmed,Admin0,Week,MOH-SGP-20002011-Y01-03,39,2004,27.75714285714286,24.857142857142858,32.05714285714286,10.071428571428571,,,5.228571428571429,,,
SINGAPORE,,,SINGAPORE,SGP,222,SGP,,2004-10-03,2004-10-09,2004,241,Confirmed,Admin0,Week,MOH-SGP-20002011-Y01-03,40,2004,27.385714285714283,25.099999999999998,30.614285714285717,1.2428571428571427,,,4.114285714285715,,,
SINGAPORE,,,SINGAPORE,SGP,222,SGP,,2004-10-10,2004-10-16,2004,269,Confirmed,Admin0,Week,MOH-SGP-20002011-Y01-03,41,2004,28.885714285714283,25.87142857142857,32.08571428571428,1.3857142857142857,,144.5,8.971428571428572,,,
SINGAPORE,,,SINGAPORE,SGP,222,SGP,,2004-10-17,2004-10-23,2004,307,Confirmed,Admin0,Week,MOH-SGP-20002011-Y01-03,42,2004,28.7,25.266666666666666,33.31666666666667,0.0,,,5.533333333333334,,,
SINGAPORE,,,SINGAPORE,SGP,222,SGP,,2004-10-24,2004-10-30,2004,258,Confirmed,Admin0,Week,MOH-SGP-20002011-Y01-03,43,2004,26.842857142857145,24.32857142857143,30.599999999999998,8.542857142857143,,,2.9,,,
SINGAPORE,,,SINGAPORE,SGP,222,SGP,,2004-10-31,2004-11-06,2004,255,Confirmed,Admin0,Week,MOH-SGP-20002011-Y01-03,44,2004,26.8,24.185714285714287,30.842857142857145,7.757142857142857,,,3.742857142857143,,,
SINGAPORE,,,SINGAPORE,SGP,222,SGP,,2004-11-07,2004-11-13,2004,190,Confirmed,Admin0,Week,MOH-SGP-20002011-Y01-03,45,2004,27.285714285714285,24.557142857142857,31.457142857142856,11.828571428571427,,,3.0285714285714285,,,
SINGAPORE,,,SINGAPORE,SGP,222,SGP,,2004-11-14,2004-11-20,2004,261,Confirmed,Admin0,Week,MOH-SGP-20002011-Y01-03,46,2004,27.47142857142857,25.085714285714285,31.62857142857143,2.085714285714286,,,3.0285714285714285,,,
SINGAPORE,,,SINGAPORE,SGP,222,SGP,,2004-11-21,2004-11-27,2004,314,Confirmed,Admin0,Week,MOH-SGP-20002011-Y01-03,47,2004,27.557142857142857,24.342857142857145,31.342857142857145,5.328571428571428,,174.5,6.457142857142857,,,
SINGAPORE,,,SINGAPORE,SGP,222,SGP,,2004-11-28,2004-12-04,2004,297,Confirmed,Admin0,Week,MOH-SGP-20002011-Y01-03,48,2004,27.099999999999998,24.75714285714286,30.842857142857145,0.8714285714285713,,,4.428571428571429,,,
SINGAPORE,,,SINGAPORE,SGP,222,SGP,,2004-12-05,2004-12-11,2004,304,Confirmed,Admin0,Week,MOH-SGP-20002011-Y01-03,49,2004,27.842857142857145,25.314285714285713,31.442857142857143,2.2857142857142856,,,5.428571428571429,,,
SINGAPORE,,,SINGAPORE,SGP,222,SGP,,2004-12-12,2004-12-18,2004,326,Confirmed,Admin0,Week,MOH-SGP-20002011-Y01-03,50,2004,26.25714285714286,24.12857142857143,29.157142857142855,3.1714285714285713,,,5.357142857142857,,,
SINGAPORE,,,SINGAPORE,SGP,222,SGP,,2004-12-19,2004-12-25,2004,288,Confirmed,Admin0,Week,MOH-SGP-20002011-Y01-03,51,2004,27.385714285714283,24.685714285714287,30.985714285714288,4.128571428571428,,9.5,9.028571428571428,,,
SINGAPORE,,,SINGAPORE,SGP,222,SGP,,2004-12-26,2005-01-01,2004,243,Confirmed,Admin0,Week,MOH-SGP-20002011-Y01-03,52,2004,27.257142857142856,24.642857142857142,30.785714285714285,0.0,,26.0,9.4,,,
SINGAPORE,,,SINGAPORE,SGP,222,SGP,,2005-01-02,2005-01-08,2005,335,Confirmed,Admin0,Week,MOH-SGP-20002011-Y01-03,53,2005,25.25,23.950000000000003,26.95,24.0,,,9.3,,,
SINGAPORE,,,SINGAPORE,SGP,222,SGP,,2005-01-09,2005-01-15,2005,297,Confirmed,Admin0,Week,MOH-SGP-20002011-Y01-03,1,2005,26.228571428571428,23.728571428571428,29.099999999999998,16.67142857142857,,351.0,7.771428571428571,,,
SINGAPORE,,,SINGAPORE,SGP,222,SGP,,2005-01-16,2005-01-22,2005,254,Confirmed,Admin0,Week,MOH-SGP-20002011-Y01-03,2,2005,26.928571428571427,24.457142857142856,30.157142857142855,4.385714285714285,,20.0,11.714285714285714,,1010.9799999999999,
SINGAPORE,,,SINGAPORE,SGP,222,SGP,,2005-01-23,2005-01-29,2005,285,Confirmed,Admin0,Week,MOH-SGP-20002011-Y01-03,3,2005,26.685714285714283,23.728571428571428,30.557142857142857,0.5857142857142856,,23.0,10.228571428571428,,1013.3714285714286,
SINGAPORE,,,SINGAPORE,SGP,222,SGP,,2005-01-30,2005-02-05,2005,280,Confirmed,Admin0,Week,MOH-SGP-20002011-Y01-03,4,2005,27.099999999999998,23.714285714285715,31.8,0.0,,17.333333333333332,9.457142857142857,,1009.7142857142857,
SINGAPORE,,,SINGAPORE,SGP,222,SGP,,2005-02-06,2005-02-12,2005,193,Confirmed,Admin0,Week,MOH-SGP-20002011-Y01-03,5,2005,27.957142857142856,24.87142857142857,32.58571428571428,0.0,,23.0,10.471428571428572,,1011.3142857142857,
SINGAPORE,,,SINGAPORE,SGP,222,SGP,,2005-02-13,2005-02-19,2005,314,Confirmed,Admin0,Week,MOH-SGP-20002011-Y01-03,6,2005,28.37142857142857,24.75714285714286,33.17142857142857,0.0,,23.4,12.114285714285714,,1012.2857142857143,
SINGAPORE,,,SINGAPORE,SGP,222,SGP,,2005-02-20,2005-02-26,2005,236,Confirmed,Admin0,Week,MOH-SGP-20002011-Y01-03,7,2005,28.928571428571427,25.442857142857143,33.92857142857143,0.18571428571428572,,32.0,9.257142857142856,,1010.7285714285715,
SINGAPORE,,,SINGAPORE,SGP,222,SGP,,2005-02-27,2005-03-05,2005,151,Confirmed,Admin0,Week,MOH-SGP-20002011-Y01-03,8,2005,28.900000000000002,25.914285714285715,33.642857142857146,0.0,,18.333333333333332,8.671428571428573,,1011.2857142857143,
SINGAPORE,,,SINGAPORE,SGP,222,SGP,,2005-03-06,2005-03-12,2005,156,Confirmed,Admin0,Week,MOH-SGP-20002011-Y01-03,9,2005,28.557142857142857,24.728571428571428,33.31428571428571,5.257142857142857,,28.0,10.87142857142857,,1013.7571428571429,
SINGAPORE,,,SINGAPORE,SGP,222,SGP,,2005-03-13,2005-03-19,2005,99,Confirmed,Admin0,Week,MOH-SGP-20002011-Y01-03,10,2005,28.32857142857143,24.785714285714285,33.31428571428571,0.35714285714285715,,21.0,10.428571428571429,,1012.5428571428572,
SINGAPORE,,,SINGAPORE,SGP,222,SGP,,2005-03-20,2005-03-26,2005,93,Confirmed,Admin0,Week,MOH-SGP-20002011-Y01-03,11,2005,29.142857142857142,26.114285714285717,33.800000000000004,0.07142857142857142,,26.0,12.528571428571428,,1009.8142857142857,
SINGAPORE,,,SINGAPORE,SGP,222,SGP,,2005-03-27,2005-04-02,2005,132,Confirmed,Admin0,Week,MOH-SGP-20002011-Y01-03,12,2005,28.771428571428572,25.814285714285713,34.07142857142857,0.14285714285714285,,,7.542857142857143,,1009.4714285714286,
SINGAPORE,,,SINGAPORE,SGP,222,SGP,,2005-04-03,2005-04-09,2005,120,Confirmed,Admin0,Week,MOH-SGP-20002011-Y01-03,13,2005,27.62857142857143,25.0,31.400000000000002,8.057142857142859,,,3.2285714285714286,,1009.05,
SINGAPORE,,,SINGAPORE,SGP,222,SGP,,2005-04-10,2005-04-16,2005,117,Confirmed,Admin0,Week,MOH-SGP-20002011-Y01-03,14,2005,27.685714285714287,24.414285714285715,31.685714285714287,9.0,,,5.3428571428571425,,,
SINGAPORE,,,SINGAPORE,SGP,222,SGP,,2005-04-17,2005-04-23,2005,134,Confirmed,Admin0,Week,MOH-SGP-20002011-Y01-03,15,2005,28.52857142857143,25.485714285714288,32.72857142857143,1.3,,,5.285714285714286,,,
SINGAPORE,,,SINGAPORE,SGP,222,SGP,,2005-04-24,2005-04-30,2005,115,Confirmed,Admin0,Week,MOH-SGP-20002011-Y01-03,16,2005,29.24285714285714,26.32857142857143,33.3,0.2571428571428572,,101.0,7.757142857142857,,,
SINGAPORE,,,SINGAPORE,SGP,222,SGP,,2005-05-01,2005-05-07,2005,134,Confirmed,Admin0,Week,MOH-SGP-20002011-Y01-03,17,2005,30.271428571428572,27.457142857142856,34.857142857142854,0.0,,104.5,8.328571428571427,,,
SINGAPORE,,,SINGAPORE,SGP,222,SGP,,2005-05-08,2005-05-14,2005,149,Confirmed,Admin0,Week,MOH-SGP-20002011-Y01-03,18,2005,28.728571428571428,25.542857142857144,33.25714285714286,11.5,,,4.314285714285714,,1008.1999999999999,
SINGAPORE,,,SINGAPORE,SGP,222,SGP,,2005-05-15,2005-05-21,2005,158,Confirmed,Admin0,Week,MOH-SGP-20002011-Y01-03,19,2005,28.75714285714286,24.914285714285715,32.0,20.5,,,5.614285714285714,,1009.5142857142857,
SINGAPORE,,,SINGAPORE,SGP,222,SGP,,2005-05-22,2005-05-28,2005,163,Confirmed,Admin0,Week,MOH-SGP-20002011-Y01-03,20,2005,28.185714285714287,24.74285714285714,31.942857142857143,6.314285714285715,,,5.957142857142857,,1009.8000000000001,
SINGAPORE,,,SINGAPORE,SGP,222,SGP,,2005-05-29,2005-06-04,2005,139,Confirmed,Admin0,Week,MOH-SGP-20002011-Y01-03,21,2005,28.428571428571427,25.24285714285714,31.928571428571427,6.200000000000001,,127.0,6.2,,1009.8142857142857,
SINGAPORE,,,SINGAPORE,SGP,222,SGP,,2005-06-05,2005-06-11,2005,212,Confirmed,Admin0,Week,MOH-SGP-20002011-Y01-03,22,2005,29.32857142857143,26.442857142857143,32.4,2.985714285714286,,141.0,5.614285714285714,,1008.3285714285714,
SINGAPORE,,,SINGAPORE,SGP,222,SGP,,2005-06-12,2005-06-18,2005,253,Confirmed,Admin0,Week,MOH-SGP-20002011-Y01-03,23,2005,29.37142857142857,26.728571428571428,32.4,0.4714285714285714,,135.5,7.628571428571428,,1007.8285714285714,
SINGAPORE,,,SINGAPORE,SGP,222,SGP,,2005-06-19,2005-06-25,2005,315,Confirmed,Admin0,Week,MOH-SGP-20002011-Y01-03,24,2005,28.671428571428574,25.62857142857143,32.285714285714285,4.542857142857143,,,3.0142857142857147,,1008.1,
SINGAPORE,,,SINGAPORE,SGP,222,SGP,,2005-06-26,2005-07-02,2005,385,Confirmed,Admin0,Week,MOH-SGP-20002011-Y01-03,25,2005,28.514285714285712,25.042857142857144,31.3,3.6714285714285713,,,5.557142857142857,,1010.1999999999999,
SINGAPORE,,,SINGAPORE,SGP,222,SGP,,2005-07-03,2005-07-09,2005,354,Confirmed,Admin0,Week,MOH-SGP-20002011-Y01-03,26,2005,28.585714285714285,25.942857142857143,32.028571428571425,3.1285714285714286,,,6.2,,1010.3857142857142,
SINGAPORE,,,SINGAPORE,SGP,222,SGP,,2005-07-10,2005-07-16,2005,351,Confirmed,Admin0,Week,MOH-SGP-20002011-Y01-03,27,2005,28.557142857142857,25.042857142857144,32.44285714285714,0.7285714285714285,,,5.557142857142857,,1009.9571428571428,
SINGAPORE,,,SINGAPORE,SGP,222,SGP,,2005-07-17,2005-07-23,2005,400,Confirmed,Admin0,Week,MOH-SGP-20002011-Y01-03,28,2005,27.657142857142855,24.814285714285713,31.385714285714283,4.385714285714286,,,3.857142857142857,,1010.6,
SINGAPORE,,,SINGAPORE,SGP,222,SGP,,2005-07-24,2005-07-30,2005,346,Confirmed,Admin0,Week,MOH-SGP-20002011-Y01-03,29,2005,27.614285714285717,25.114285714285717,30.52857142857143,2.357142857142857,,,4.5285714285714285,,1010.1857142857143,
SINGAPORE,,,SINGAPORE,SGP,222,SGP,,2005-07-31,2005-08-06,2005,328,Confirmed,Admin0,Week,MOH-SGP-20002011-Y01-03,30,2005,27.957142857142856,23.833333333333332,30.95,7.142857142857143,,144.0,5.733333333333333,,1009.3333333333334,
SINGAPORE,,,SINGAPORE,SGP,222,SGP,,2005-08-07,2005-08-13,2005,304,Confirmed,Admin0,Week,MOH-SGP-20002011-Y01-03,31,2005,28.24285714285714,24.52857142857143,31.47142857142857,3.5428571428571423,,155.0,5.885714285714286,,1010.0,
SINGAPORE,,,SINGAPORE,SGP,222,SGP,,2005-08-14,2005-08-20,2005,409,Confirmed,Admin0,Week,MOH-SGP-20002011-Y01-03,32,2005,28.614285714285717,26.057142857142857,31.3,1.8857142857142857,,172.0,8.671428571428573,,1010.0857142857143,
SINGAPORE,,,SINGAPORE,SGP,222,SGP,,2005-08-21,2005-08-27,2005,485,Confirmed,Admin0,Week,MOH-SGP-20002011-Y01-03,33,2005,28.12857142857143,25.82857142857143,31.485714285714288,1.1999999999999997,,123.0,6.414285714285714,,1010.5142857142857,
SINGAPORE,,,SINGAPORE,SGP,222,SGP,,2005-08-28,2005-09-03,2005,544,Confirmed,Admin0,Week,MOH-SGP-20002011-Y01-03,34,2005,28.085714285714285,24.885714285714283,31.41428571428571,1.1285714285714286,,,5.285714285714286,,1010.2857142857143,
SINGAPORE,,,SINGAPORE,SGP,222,SGP,,2005-09-04,2005-09-10,2005,691,Confirmed,Admin0,Week,MOH-SGP-20002011-Y01-03,35,2005,28.085714285714285,25.685714285714287,31.657142857142855,6.171428571428572,,,7.471428571428571,,1007.9333333333334,
SINGAPORE,,,SINGAPORE,SGP,222,SGP,,2005-09-11,2005-09-17,2005,692,Confirmed,Admin0,Week,MOH-SGP-20002011-Y01-03,36,2005,28.914285714285715,25.599999999999998,32.4,3.6285714285714286,,132.0,7.942857142857143,,,
SINGAPORE,,,SINGAPORE,SGP,222,SGP,,2005-09-18,2005-09-24,2005,712,Confirmed,Admin0,Week,MOH-SGP-20002011-Y01-03,37,2005,28.157142857142855,24.542857142857144,31.585714285714285,11.0,,198.0,6.057142857142857,,,
SINGAPORE,,,SINGAPORE,SGP,222,SGP,,2005-09-25,2005-10-01,2005,537,Confirmed,Admin0,Week,MOH-SGP-20002011-Y01-03,38,2005,27.657142857142855,23.957142857142856,31.97142857142857,4.2,,,5.071428571428571,,1011.3166666666666,
SINGAPORE,,,SINGAPORE,SGP,222,SGP,,2005-10-02,2005-10-08,2005,466,Confirmed,Admin0,Week,MOH-SGP-20002011-Y01-03,39,2005,28.385714285714283,25.728571428571428,32.31428571428571,0.7285714285714285,,162.0,5.3999999999999995,,1010.6857142857143,
SINGAPORE,,,SINGAPORE,SGP,222,SGP,,2005-10-09,2005-10-15,2005,384,Confirmed,Admin0,Week,MOH-SGP-20002011-Y01-03,40,2005,27.928571428571427,24.185714285714287,31.285714285714285,15.642857142857142,,,4.771428571428571,,1009.9857142857143,
SINGAPORE,,,SINGAPORE,SGP,222,SGP,,2005-10-16,2005-10-22,2005,357,Confirmed,Admin0,Week,MOH-SGP-20002011-Y01-03,41,2005,27.985714285714288,25.542857142857144,31.657142857142862,0.6142857142857142,,133.0,5.428571428571429,,1009.5857142857143,
SINGAPORE,,,SINGAPORE,SGP,222,SGP,,2005-10-23,2005-10-29,2005,331,Confirmed,Admin0,Week,MOH-SGP-20002011-Y01-03,42,2005,27.157142857142855,24.285714285714285,30.771428571428572,17.142857142857142,,,3.6999999999999997,,1010.1857142857143,
SINGAPORE,,,SINGAPORE,SGP,222,SGP,,2005-10-30,2005-11-05,2005,212,Confirmed,Admin0,Week,MOH-SGP-20002011-Y01-03,43,2005,27.357142857142858,24.185714285714287,31.542857142857144,11.5,,,4.257142857142857,,1010.2571428571429,
SINGAPORE,,,SINGAPORE,SGP,222,SGP,,2005-11-06,2005-11-12,2005,171,Confirmed,Admin0,Week,MOH-SGP-20002011-Y01-03,44,2005,27.714285714285715,24.271428571428572,30.971428571428568,6.828571428571428,,,4.142857142857143,,1010.1428571428571,
SINGAPORE,,,SINGAPORE,SGP,222,SGP,,2005-11-13,2005-11-19,2005,142,Confirmed,Admin0,Week,MOH-SGP-20002011-Y01-03,45,2005,28.185714285714287,24.285714285714285,31.885714285714283,9.042857142857143,,,3.9714285714285715,,1010.7428571428571,
SINGAPORE,,,SINGAPORE,SGP,222,SGP,,2005-11-20,2005-11-26,2005,139,Confirmed,Admin0,Week,MOH-SGP-20002011-Y01-03,46,2005,27.271428571428572,24.914285714285715,30.942857142857143,23.528571428571432,,,2.8857142857142857,,1009.3857142857142,
SINGAPORE,,,SINGAPORE,SGP,222,SGP,,2005-11-27,2005-12-03,2005,122,Confirmed,Admin0,Week,MOH-SGP-20002011-Y01-03,47,2005,26.342857142857145,23.52857142857143,29.12857142857143,9.142857142857142,,,4.128571428571428,,1009.7142857142857,
SINGAPORE,,,SINGAPORE,SGP,222,SGP,,2005-12-04,2005-12-10,2005,87,Confirmed,Admin0,Week,MOH-SGP-20002011-Y01-03,48,2005,27.400000000000002,24.814285714285713,31.357142857142858,2.6857142857142855,,,5.314285714285715,,1008.5333333333333,
SINGAPORE,,,SINGAPORE,SGP,222,SGP,,2006-01-01,2006-01-07,2006,82,Confirmed,Admin0,Week,MOH-SGP-20002011-Y01-04,52,2006,25.875,23.925,28.675,32.912499999999994,,,5.8,,,
SINGAPORE,,,SINGAPORE,SGP,222,SGP,,2006-12-31,2007-01-06,2006,61,Confirmed,Admin0,Week,MOH-SGP-20002011-Y01-04,52,2006,25.875,23.925,28.675,32.912499999999994,,,5.8,,,
SINGAPORE,,,SINGAPORE,SGP,222,SGP,,2006-01-08,2006-01-14,2006,62,Confirmed,Admin0,Week,MOH-SGP-20002011-Y01-04,1,2006,26.057142857142857,23.97142857142857,29.25714285714286,19.457142857142856,,,5.128571428571428,,,
SINGAPORE,,,SINGAPORE,SGP,222,SGP,,2006-01-15,2006-01-21,2006,46,Confirmed,Admin0,Week,MOH-SGP-20002011-Y01-04,2,2006,25.842857142857145,23.45,28.400000000000002,42.02857142857143,,357.0,7.95,,,
SINGAPORE,,,SINGAPORE,SGP,222,SGP,,2006-01-22,2006-01-28,2006,71,Confirmed,Admin0,Week,MOH-SGP-20002011-Y01-04,3,2006,27.057142857142857,24.485714285714288,31.228571428571428,3.1285714285714286,,,4.371428571428572,,,
SINGAPORE,,,SINGAPORE,SGP,222,SGP,,2006-01-29,2006-02-04,2006,39,Confirmed,Admin0,Week,MOH-SGP-20002011-Y01-04,4,2006,27.057142857142857,24.62857142857143,30.728571428571428,0.37142857142857144,,65.33333333333333,11.12857142857143,,1010.8666666666667,
SINGAPORE,,,SINGAPORE,SGP,222,SGP,,2006-02-05,2006-02-11,2006,74,Confirmed,Admin0,Week,MOH-SGP-20002011-Y01-04,5,2006,27.357142857142858,24.657142857142855,31.271428571428572,1.2,,12.166666666666666,12.9,,1012.7,
SINGAPORE,,,SINGAPORE,SGP,222,SGP,,2006-02-12,2006-02-18,2006,55,Confirmed,Admin0,Week,MOH-SGP-20002011-Y01-04,6,2006,26.957142857142856,24.071428571428573,30.62857142857143,13.685714285714285,,3.6666666666666665,8.942857142857143,,,
SINGAPORE,,,SINGAPORE,SGP,222,SGP,,2006-02-19,2006-02-25,2006,74,Confirmed,Admin0,Week,MOH-SGP-20002011-Y01-04,7,2006,27.97142857142857,25.142857142857142,32.1,0.0,,22.75,10.6,,1010.2333333333332,
SINGAPORE,,,SINGAPORE,SGP,222,SGP,,2006-02-26,2006-03-04,2006,58,Confirmed,Admin0,Week,MOH-SGP-20002011-Y01-04,8,2006,27.87142857142857,25.357142857142858,31.514285714285712,1.242857142857143,,5.0,11.200000000000001,,1008.4571428571428,
SINGAPORE,,,SINGAPORE,SGP,222,SGP,,2006-03-05,2006-03-11,2006,57,Confirmed,Admin0,Week,MOH-SGP-20002011-Y01-04,9,2006,28.428571428571427,25.414285714285715,32.91428571428572,0.35714285714285715,,22.2,12.37142857142857,,1010.7428571428571,
SINGAPORE,,,SINGAPORE,SGP,222,SGP,,2006-03-12,2006-03-18,2006,36,Confirmed,Admin0,Week,MOH-SGP-20002011-Y01-04,10,2006,28.571428571428573,25.5,33.885714285714286,0.0,,25.5,10.200000000000001,,1010.6714285714286,
SINGAPORE,,,SINGAPORE,SGP,222,SGP,,2006-03-19,2006-03-25,2006,44,Confirmed,Admin0,Week,MOH-SGP-20002011-Y01-04,11,2006,28.75714285714286,25.228571428571428,33.614285714285714,0.0,,,8.742857142857144,,1008.9857142857143,
SINGAPORE,,,SINGAPORE,SGP,222,SGP,,2006-03-26,2006-04-01,2006,38,Confirmed,Admin0,Week,MOH-SGP-20002011-Y01-04,12,2006,28.342857142857145,25.357142857142858,33.07142857142857,5.271428571428571,,,5.1000000000000005,,1007.5,
SINGAPORE,,,SINGAPORE,SGP,222,SGP,,2006-04-02,2006-04-08,2006,38,Confirmed,Admin0,Week,MOH-SGP-20002011-Y01-04,13,2006,27.614285714285717,24.642857142857142,32.114285714285714,7.328571428571429,,,3.185714285714286,,1009.72,
SINGAPORE,,,SINGAPORE,SGP,222,SGP,,2006-04-09,2006-04-15,2006,40,Confirmed,Admin0,Week,MOH-SGP-20002011-Y01-04,14,2006,27.885714285714283,24.928571428571427,32.22857142857143,10.37142857142857,,,4.614285714285714,,,
SINGAPORE,,,SINGAPORE,SGP,222,SGP,,2006-04-16,2006-04-22,2006,31,Confirmed,Admin0,Week,MOH-SGP-20002011-Y01-04,15,2006,27.400000000000002,24.74285714285714,31.142857142857142,5.314285714285715,,,3.542857142857143,,,
SINGAPORE,,,SINGAPORE,SGP,222,SGP,,2006-04-23,2006-04-29,2006,37,Confirmed,Admin0,Week,MOH-SGP-20002011-Y01-04,16,2006,27.62857142857143,24.185714285714287,32.114285714285714,9.87142857142857,,,3.0142857142857147,,,
SINGAPORE,,,SINGAPORE,SGP,222,SGP,,2006-04-30,2006-05-06,2006,50,Confirmed,Admin0,Week,MOH-SGP-20002011-Y01-04,17,2006,27.97142857142857,25.014285714285712,32.542857142857144,8.014285714285714,,,2.2142857142857144,,,
SINGAPORE,,,SINGAPORE,SGP,222,SGP,,2006-05-07,2006-05-13,2006,41,Confirmed,Admin0,Week,MOH-SGP-20002011-Y01-04,18,2006,27.571428571428573,24.785714285714285,31.428571428571427,14.228571428571428,,,2.814285714285714,,,
SINGAPORE,,,SINGAPORE,SGP,222,SGP,,2006-05-14,2006-05-20,2006,72,Confirmed,Admin0,Week,MOH-SGP-20002011-Y01-04,19,2006,28.542857142857144,25.842857142857145,32.82857142857143,1.242857142857143,,,3.3000000000000003,,,
SINGAPORE,,,SINGAPORE,SGP,222,SGP,,2006-05-21,2006-05-27,2006,79,Confirmed,Admin0,Week,MOH-SGP-20002011-Y01-04,20,2006,28.82857142857143,26.557142857142857,31.957142857142856,2.4,,,5.428571428571429,,,
SINGAPORE,,,SINGAPORE,SGP,222,SGP,,2006-05-28,2006-06-03,2006,76,Confirmed,Admin0,Week,MOH-SGP-20002011-Y01-04,21,2006,27.557142857142857,24.585714285714285,31.52857142857143,9.171428571428573,,,4.428571428571429,,,
SINGAPORE,,,SINGAPORE,SGP,222,SGP,,2006-06-04,2006-06-10,2006,84,Confirmed,Admin0,Week,MOH-SGP-20002011-Y01-04,22,2006,28.857142857142858,25.514285714285712,32.385714285714286,6.8428571428571425,,,5.571428571428571,,,
SINGAPORE,,,SINGAPORE,SGP,222,SGP,,2006-06-11,2006-06-17,2006,84,Confirmed,Admin0,Week,MOH-SGP-20002011-Y01-04,23,2006,27.0,24.342857142857145,30.52857142857143,8.242857142857144,,,4.285714285714286,,,
SINGAPORE,,,SINGAPORE,SGP,222,SGP,,2006-06-18,2006-06-24,2006,85,Confirmed,Admin0,Week,MOH-SGP-20002011-Y01-04,24,2006,28.02857142857143,24.62857142857143,30.97142857142857,8.057142857142857,,,5.457142857142857,,,
SINGAPORE,,,SINGAPORE,SGP,222,SGP,,2006-06-25,2006-07-01,2006,93,Confirmed,Admin0,Week,MOH-SGP-20002011-Y01-04,25,2006,27.37142857142857,24.67142857142857,29.957142857142856,12.471428571428572,,,4.514285714285714,,,
SINGAPORE,,,SINGAPORE,SGP,222,SGP,,2006-07-02,2006-07-08,2006,106,Confirmed,Admin0,Week,MOH-SGP-20002011-Y01-04,26,2006,29.2,26.642857142857142,32.07142857142857,0.5857142857142856,,171.33333333333334,11.885714285714286,,,
SINGAPORE,,,SINGAPORE,SGP,222,SGP,,2006-07-09,2006-07-15,2006,102,Confirmed,Admin0,Week,MOH-SGP-20002011-Y01-04,27,2006,28.62857142857143,24.842857142857145,31.485714285714288,4.357142857142857,,156.75,12.028571428571428,,,
SINGAPORE,,,SINGAPORE,SGP,222,SGP,,2006-07-16,2006-07-22,2006,100,Confirmed,Admin0,Week,MOH-SGP-20002011-Y01-04,28,2006,28.342857142857145,24.842857142857145,31.0,11.27142857142857,,154.5,9.414285714285715,,,
SINGAPORE,,,SINGAPORE,SGP,222,SGP,,2006-07-23,2006-07-29,2006,68,Confirmed,Admin0,Week,MOH-SGP-20002011-Y01-04,29,2006,28.585714285714285,25.74285714285714,31.728571428571428,4.971428571428571,,162.5,7.742857142857143,,,
SINGAPORE,,,SINGAPORE,SGP,222,SGP,,2006-07-30,2006-08-05,2006,79,Confirmed,Admin0,Week,MOH-SGP-20002011-Y01-04,30,2006,28.357142857142858,25.771428571428572,32.128571428571426,0.04285714285714286,,165.0,8.0,,,
SINGAPORE,,,SINGAPORE,SGP,222,SGP,,2006-08-06,2006-08-12,2006,80,Confirmed,Admin0,Week,MOH-SGP-20002011-Y01-04,31,2006,28.400000000000002,25.74285714285714,31.02857142857143,2.8285714285714287,,171.33333333333334,10.814285714285715,,,
SINGAPORE,,,SINGAPORE,SGP,222,SGP,,2006-08-13,2006-08-19,2006,73,Confirmed,Admin0,Week,MOH-SGP-20002011-Y01-04,32,2006,28.071428571428573,24.457142857142856,31.014285714285712,4.757142857142857,,168.33333333333334,8.742857142857144,,,
SINGAPORE,,,SINGAPORE,SGP,222,SGP,,2006-08-20,2006-08-26,2006,76,Confirmed,Admin0,Week,MOH-SGP-20002011-Y01-04,33,2006,28.571428571428573,25.771428571428572,31.671428571428574,5.6000000000000005,,146.4,10.728571428571428,,,
SINGAPORE,,,SINGAPORE,SGP,222,SGP,,2006-08-27,2006-09-02,2006,59,Confirmed,Admin0,Week,MOH-SGP-20002011-Y01-04,34,2006,28.928571428571427,26.557142857142857,32.300000000000004,0.0,,135.2,11.528571428571428,,,
SINGAPORE,,,SINGAPORE,SGP,222,SGP,,2006-09-03,2006-09-09,2006,54,Confirmed,Admin0,Week,MOH-SGP-20002011-Y01-04,35,2006,27.542857142857144,24.37142857142857,30.857142857142858,6.385714285714286,,,5.871428571428572,,,
SINGAPORE,,,SINGAPORE,SGP,222,SGP,,2006-09-10,2006-09-16,2006,56,Confirmed,Admin0,Week,MOH-SGP-20002011-Y01-04,36,2006,28.057142857142857,25.414285714285715,31.400000000000002,1.3142857142857145,,140.0,6.114285714285714,,,
SINGAPORE,,,SINGAPORE,SGP,222,SGP,,2006-09-17,2006-09-23,2006,53,Confirmed,Admin0,Week,MOH-SGP-20002011-Y01-04,37,2006,27.571428571428573,24.87142857142857,31.12857142857143,5.7,,141.0,6.885714285714286,,,
SINGAPORE,,,SINGAPORE,SGP,222,SGP,,2006-09-24,2006-09-30,2006,53,Confirmed,Admin0,Week,MOH-SGP-20002011-Y01-04,38,2006,28.271428571428572,25.557142857142857,31.5,2.1,,134.5,7.728571428571428,,,
SINGAPORE,,,SINGAPORE,SGP,222,SGP,,2006-10-01,2006-10-07,2006,50,Confirmed,Admin0,Week,MOH-SGP-20002011-Y01-04,39,2006,28.157142857142855,25.32857142857143,31.328571428571426,2.8428571428571425,,146.5,6.757142857142857,,,
SINGAPORE,,,SINGAPORE,SGP,222,SGP,,2006-10-08,2006-10-14,2006,47,Confirmed,Admin0,Week,MOH-SGP-20002011-Y01-04,40,2006,28.82857142857143,25.785714285714285,31.87142857142857,0.6857142857142857,,,8.285714285714286,,,
SINGAPORE,,,SINGAPORE,SGP,222,SGP,,2006-10-15,2006-10-21,2006,41,Confirmed,Admin0,Week,MOH-SGP-20002011-Y01-04,41,2006,28.557142857142857,25.4,32.17142857142857,2.9714285714285715,,134.0,6.142857142857143,,,
SINGAPORE,,,SINGAPORE,SGP,222,SGP,,2006-10-22,2006-10-28,2006,35,Confirmed,Admin0,Week,MOH-SGP-20002011-Y01-04,42,2006,28.671428571428574,26.085714285714285,32.65714285714286,0.14285714285714285,,,5.2,,,
SINGAPORE,,,SINGAPORE,SGP,222,SGP,,2006-10-29,2006-11-04,2006,46,Confirmed,Admin0,Week,MOH-SGP-20002011-Y01-04,43,2006,27.599999999999998,24.599999999999998,31.785714285714285,10.557142857142859,,,2.6999999999999997,,,
SINGAPORE,,,SINGAPORE,SGP,222,SGP,,2006-11-05,2006-11-11,2006,40,Confirmed,Admin0,Week,MOH-SGP-20002011-Y01-04,44,2006,27.857142857142858,24.8,32.0,5.0,,,3.1285714285714286,,,
SINGAPORE,,,SINGAPORE,SGP,222,SGP,,2006-11-12,2006-11-18,2006,44,Confirmed,Admin0,Week,MOH-SGP-20002011-Y01-04,45,2006,27.185714285714287,24.62857142857143,31.542857142857144,3.842857142857143,,,3.4285714285714284,,,
SINGAPORE,,,SINGAPORE,SGP,222,SGP,,2006-11-19,2006-11-25,2006,42,Confirmed,Admin0,Week,MOH-SGP-20002011-Y01-04,46,2006,27.599999999999998,24.914285714285715,31.514285714285712,1.7857142857142858,,,3.9285714285714284,,,
SINGAPORE,,,SINGAPORE,SGP,222,SGP,,2006-11-26,2006-12-02,2006,39,Confirmed,Admin0,Week,MOH-SGP-20002011-Y01-04,47,2006,27.12857142857143,24.428571428571427,31.271428571428572,12.814285714285715,,,3.042857142857143,,,
SINGAPORE,,,SINGAPORE,SGP,222,SGP,,2006-12-03,2006-12-09,2006,43,Confirmed,Admin0,Week,MOH-SGP-20002011-Y01-04,48,2006,26.97142857142857,24.642857142857142,30.357142857142858,3.2285714285714286,,,3.342857142857143,,,
SINGAPORE,,,SINGAPORE,SGP,222,SGP,,2006-12-10,2006-12-16,2006,53,Confirmed,Admin0,Week,MOH-SGP-20002011-Y01-04,49,2006,27.52857142857143,24.957142857142856,31.342857142857145,1.7142857142857142,,,4.5,,,
SINGAPORE,,,SINGAPORE,SGP,222,SGP,,2006-12-17,2006-12-23,2006,42,Confirmed,Admin0,Week,MOH-SGP-20002011-Y01-04,50,2006,27.099999999999998,24.37142857142857,31.228571428571428,14.557142857142859,,,4.928571428571429,,,
SINGAPORE,,,SINGAPORE,SGP,222,SGP,,2006-12-24,2006-12-30,2006,48,Confirmed,Admin0,Week,MOH-SGP-20002011-Y01-04,51,2006,26.02857142857143,23.75714285714286,28.599999999999998,56.142857142857146,,20.0,8.914285714285715,,,
SINGAPORE,,,SINGAPORE,SGP,222,SGP,,2007-01-07,2007-01-13,2007,63,Confirmed,Admin0,Week,MOH-SGP-20002011-Y01-04,1,2007,27.3125,24.2375,31.25,13.1125,,,5.0875,,,
SINGAPORE,,,SINGAPORE,SGP,222,SGP,,2007-01-14,2007-01-20,2007,46,Confirmed,Admin0,Week,MOH-SGP-20002011-Y01-04,2,2007,25.428571428571427,23.985714285714288,27.457142857142856,46.08571428571429,,,4.8,,,
SINGAPORE,,,SINGAPORE,SGP,222,SGP,,2007-01-21,2007-01-27,2007,55,Confirmed,Admin0,Week,MOH-SGP-20002011-Y01-04,3,2007,27.042857142857144,24.457142857142856,31.014285714285712,6.957142857142857,,22.0,5.714285714285714,,,
SINGAPORE,,,SINGAPORE,SGP,222,SGP,,2007-01-28,2007-02-03,2007,55,Confirmed,Admin0,Week,MOH-SGP-20002011-Y01-04,4,2007,26.314285714285713,23.814285714285713,29.5,3.6714285714285713,,8.666666666666666,10.5,,,
SINGAPORE,,,SINGAPORE,SGP,222,SGP,,2007-02-04,2007-02-10,2007,33,Confirmed,Admin0,Week,MOH-SGP-20002011-Y01-04,5,2007,26.400000000000002,24.37142857142857,29.62857142857143,0.04285714285714286,,14.571428571428571,14.72857142857143,,,
SINGAPORE,,,SINGAPORE,SGP,222,SGP,,2007-02-11,2007-02-17,2007,56,Confirmed,Admin0,Week,MOH-SGP-20002011-Y01-04,6,2007,27.142857142857142,24.057142857142857,31.25714285714286,0.0,,22.666666666666668,12.299999999999999,,,
SINGAPORE,,,SINGAPORE,SGP,222,SGP,,2007-02-18,2007-02-24,2007,44,Confirmed,Admin0,Week,MOH-SGP-20002011-Y01-04,7,2007,27.857142857142858,24.74285714285714,32.41428571428572,0.39999999999999997,,17.666666666666668,9.457142857142857,,,
SINGAPORE,,,SINGAPORE,SGP,222,SGP,,2007-02-25,2007-03-03,2007,61,Confirmed,Admin0,Week,MOH-SGP-20002011-Y01-04,8,2007,27.614285714285717,24.8,31.88571428571429,7.328571428571428,,,5.314285714285715,,,
SINGAPORE,,,SINGAPORE,SGP,222,SGP,,2007-03-04,2007-03-10,2007,71,Confirmed,Admin0,Week,MOH-SGP-20002011-Y01-04,9,2007,26.37142857142857,23.983333333333334,30.45,14.071428571428571,,,5.5200000000000005,,,
SINGAPORE,,,SINGAPORE,SGP,222,SGP,,2007-03-11,2007-03-17,2007,42,Confirmed,Admin0,Week,MOH-SGP-20002011-Y01-04,10,2007,27.87142857142857,24.642857142857142,31.914285714285715,0.4428571428571429,,,8.183333333333334,,,
SINGAPORE,,,SINGAPORE,SGP,222,SGP,,2007-03-18,2007-03-24,2007,86,Confirmed,Admin0,Week,MOH-SGP-20002011-Y01-04,11,2007,28.12857142857143,25.599999999999998,32.028571428571425,1.6,,,4.642857142857143,,,
SINGAPORE,,,SINGAPORE,SGP,222,SGP,,2007-03-25,2007-03-31,2007,57,Confirmed,Admin0,Week,MOH-SGP-20002011-Y01-04,12,2007,27.5,23.983333333333334,31.514285714285716,24.583333333333332,,,3.233333333333333,,,
SINGAPORE,,,SINGAPORE,SGP,222,SGP,,2007-04-01,2007-04-07,2007,85,Confirmed,Admin0,Week,MOH-SGP-20002011-Y01-04,13,2007,27.24285714285714,24.114285714285717,31.32857142857143,8.714285714285714,,,2.6,,,
SINGAPORE,,,SINGAPORE,SGP,222,SGP,,2007-04-08,2007-04-14,2007,125,Confirmed,Admin0,Week,MOH-SGP-20002011-Y01-04,14,2007,28.67142857142857,25.857142857142858,32.31428571428571,0.2571428571428572,,,5.928571428571429,,,
SINGAPORE,,,SINGAPORE,SGP,222,SGP,,2007-04-15,2007-04-21,2007,97,Confirmed,Admin0,Week,MOH-SGP-20002011-Y01-04,15,2007,27.914285714285715,25.24285714285714,32.028571428571425,7.857142857142857,,,3.8714285714285714,,,
SINGAPORE,,,SINGAPORE,SGP,222,SGP,,2007-04-22,2007-04-28,2007,129,Confirmed,Admin0,Week,MOH-SGP-20002011-Y01-04,16,2007,28.785714285714285,25.87142857142857,32.94285714285714,0.2857142857142857,,,2.9,,,
SINGAPORE,,,SINGAPORE,SGP,222,SGP,,2007-04-29,2007-05-05,2007,111,Confirmed,Admin0,Week,MOH-SGP-20002011-Y01-04,17,2007,27.485714285714288,24.514285714285712,31.271428571428572,19.857142857142858,,,2.8714285714285714,,,
SINGAPORE,,,SINGAPORE,SGP,222,SGP,,2007-05-06,2007-05-12,2007,177,Confirmed,Admin0,Week,MOH-SGP-20002011-Y01-04,18,2007,27.97142857142857,23.857142857142858,30.3,10.514285714285716,,,6.585714285714286,,,
SINGAPORE,,,SINGAPORE,SGP,222,SGP,,2007-05-13,2007-05-19,2007,206,Confirmed,Admin0,Week,MOH-SGP-20002011-Y01-04,19,2007,28.642857142857142,25.2,32.371428571428574,3.514285714285714,,140.0,6.0,,,
SINGAPORE,,,SINGAPORE,SGP,222,SGP,,2007-05-20,2007-05-26,2007,257,Confirmed,Admin0,Week,MOH-SGP-20002011-Y01-04,20,2007,27.985714285714288,24.61428571428571,31.37142857142857,3.142857142857143,,,3.3000000000000003,,,
SINGAPORE,,,SINGAPORE,SGP,222,SGP,,2007-05-27,2007-06-02,2007,229,Confirmed,Admin0,Week,MOH-SGP-20002011-Y01-04,21,2007,28.728571428571428,25.314285714285713,32.01428571428571,4.528571428571429,,,5.071428571428571,,,
SINGAPORE,,,SINGAPORE,SGP,222,SGP,,2007-06-03,2007-06-09,2007,290,Confirmed,Admin0,Week,MOH-SGP-20002011-Y01-04,22,2007,28.614285714285717,25.157142857142855,32.214285714285715,7.157142857142857,,,4.714285714285714,,,
SINGAPORE,,,SINGAPORE,SGP,222,SGP,,2007-06-10,2007-06-16,2007,396,Confirmed,Admin0,Week,MOH-SGP-20002011-Y01-04,23,2007,28.657142857142855,26.185714285714287,32.32857142857143,0.9428571428571428,,,3.7714285714285714,,,
SINGAPORE,,,SINGAPORE,SGP,222,SGP,,2007-06-17,2007-06-23,2007,348,Confirmed,Admin0,Week,MOH-SGP-20002011-Y01-04,24,2007,28.014285714285712,24.900000000000002,30.97142857142857,6.857142857142857,,,4.957142857142857,,,
SINGAPORE,,,SINGAPORE,SGP,222,SGP,,2007-06-24,2007-06-30,2007,380,Confirmed,Admin0,Week,MOH-SGP-20002011-Y01-04,25,2007,28.67142857142857,25.32857142857143,32.371428571428574,0.21428571428571427,,164.0,4.885714285714286,,,
SINGAPORE,,,SINGAPORE,SGP,222,SGP,,2007-07-01,2007-07-07,2007,433,Confirmed,Admin0,Week,MOH-SGP-20002011-Y01-04,26,2007,28.7,24.87142857142857,32.08571428571429,7.185714285714285,,,5.642857142857143,,,
SINGAPORE,,,SINGAPORE,SGP,222,SGP,,2007-07-08,2007-07-14,2007,376,Confirmed,Admin0,Week,MOH-SGP-20002011-Y01-04,27,2007,28.885714285714283,25.857142857142858,32.05714285714286,3.0142857142857147,,143.0,6.914285714285714,,,
SINGAPORE,,,SINGAPORE,SGP,222,SGP,,2007-07-15,2007-07-21,2007,360,Confirmed,Admin0,Week,MOH-SGP-20002011-Y01-04,28,2007,28.557142857142857,25.857142857142858,30.885714285714283,2.185714285714286,,167.0,8.785714285714286,,,
SINGAPORE,,,SINGAPORE,SGP,222,SGP,,2007-07-22,2007-07-28,2007,318,Confirmed,Admin0,Week,MOH-SGP-20002011-Y01-04,29,2007,27.514285714285712,24.657142857142855,30.657142857142862,7.228571428571429,,,4.485714285714286,,,
SINGAPORE,,,SINGAPORE,SGP,222,SGP,,2007-07-29,2007-08-04,2007,309,Confirmed,Admin0,Week,MOH-SGP-20002011-Y01-04,30,2007,26.0,24.071428571428573,28.414285714285715,6.571428571428571,,,1.9428571428571428,,,
SINGAPORE,,,SINGAPORE,SGP,222,SGP,,2007-08-05,2007-08-11,2007,244,Confirmed,Admin0,Week,MOH-SGP-20002011-Y01-04,31,2007,28.228571428571428,24.928571428571427,30.82857142857143,2.4285714285714284,,,6.642857142857143,,,
SINGAPORE,,,SINGAPORE,SGP,222,SGP,,2007-08-12,2007-08-18,2007,238,Confirmed,Admin0,Week,MOH-SGP-20002011-Y01-04,32,2007,28.771428571428572,25.457142857142856,31.857142857142858,2.442857142857143,,163.6,10.614285714285714,,,
SINGAPORE,,,SINGAPORE,SGP,222,SGP,,2007-08-19,2007-08-25,2007,238,Confirmed,Admin0,Week,MOH-SGP-20002011-Y01-04,33,2007,27.114285714285717,24.557142857142857,30.2,5.671428571428572,,,4.585714285714286,,,
SINGAPORE,,,SINGAPORE,SGP,222,SGP,,2007-08-26,2007-09-01,2007,191,Confirmed,Admin0,Week,MOH-SGP-20002011-Y01-04,34,2007,27.385714285714283,24.2,30.428571428571427,8.014285714285714,,,6.1000000000000005,,,
SINGAPORE,,,SINGAPORE,SGP,222,SGP,,2007-09-02,2007-09-08,2007,206,Confirmed,Admin0,Week,MOH-SGP-20002011-Y01-04,35,2007,27.585714285714285,25.1,31.166666666666668,1.975,,141.0,8.72,,,
SINGAPORE,,,SINGAPORE,SGP,222,SGP,,2007-09-09,2007-09-15,2007,203,Confirmed,Admin0,Week,MOH-SGP-20002011-Y01-04,36,2007,27.67142857142857,24.585714285714285,30.614285714285717,4.314285714285714,,170.0,8.128571428571428,,,
SINGAPORE,,,SINGAPORE,SGP,222,SGP,,2007-09-16,2007-09-22,2007,194,Confirmed,Admin0,Week,MOH-SGP-20002011-Y01-04,37,2007,27.057142857142857,24.24285714285714,29.74285714285714,4.457142857142857,,,5.885714285714286,,,
SINGAPORE,,,SINGAPORE,SGP,222,SGP,,2007-09-23,2007-09-29,2007,188,Confirmed,Admin0,Week,MOH-SGP-20002011-Y01-04,38,2007,28.75714285714286,25.385714285714283,31.842857142857138,0.2571428571428572,,172.5,8.814285714285715,,,
SINGAPORE,,,SINGAPORE,SGP,222,SGP,,2007-09-30,2007-10-06,2007,173,Confirmed,Admin0,Week,MOH-SGP-20002011-Y01-04,39,2007,28.114285714285717,24.285714285714285,31.24285714285714,12.242857142857144,,,6.885714285714286,,,
SINGAPORE,,,SINGAPORE,SGP,222,SGP,,2007-10-07,2007-10-13,2007,156,Confirmed,Admin0,Week,MOH-SGP-20002011-Y01-04,40,2007,28.914285714285715,25.428571428571427,32.285714285714285,3.1142857142857143,,142.5,8.9,,,
SINGAPORE,,,SINGAPORE,SGP,222,SGP,,2007-10-14,2007-10-20,2007,122,Confirmed,Admin0,Week,MOH-SGP-20002011-Y01-04,41,2007,27.8,24.900000000000002,31.599999999999998,6.6,,,4.3,,,
SINGAPORE,,,SINGAPORE,SGP,222,SGP,,2007-10-21,2007-10-27,2007,142,Confirmed,Admin0,Week,MOH-SGP-20002011-Y01-04,42,2007,27.442857142857143,24.557142857142857,31.814285714285713,7.885714285714285,,,4.185714285714285,,,
SINGAPORE,,,SINGAPORE,SGP,222,SGP,,2007-10-28,2007-11-03,2007,114,Confirmed,Admin0,Week,MOH-SGP-20002011-Y01-04,43,2007,27.87142857142857,24.842857142857145,31.25714285714286,5.9,,255.0,6.542857142857143,,,
SINGAPORE,,,SINGAPORE,SGP,222,SGP,,2007-11-04,2007-11-10,2007,106,Confirmed,Admin0,Week,MOH-SGP-20002011-Y01-04,44,2007,26.657142857142855,23.442857142857143,30.685714285714287,20.557142857142857,,,3.9857142857142853,,,
SINGAPORE,,,SINGAPORE,SGP,222,SGP,,2007-11-11,2007-11-17,2007,126,Confirmed,Admin0,Week,MOH-SGP-20002011-Y01-04,45,2007,27.057142857142857,23.442857142857143,30.5,16.214285714285715,,,3.8000000000000003,,,
SINGAPORE,,,SINGAPORE,SGP,222,SGP,,2007-11-18,2007-11-24,2007,138,Confirmed,Admin0,Week,MOH-SGP-20002011-Y01-04,46,2007,26.82857142857143,23.785714285714285,30.957142857142856,4.5,,,2.914285714285714,,,
SINGAPORE,,,SINGAPORE,SGP,222,SGP,,2007-11-25,2007-12-01,2007,144,Confirmed,Admin0,Week,MOH-SGP-20002011-Y01-04,47,2007,27.071428571428573,24.32857142857143,30.771428571428572,8.314285714285715,,,3.685714285714286,,,
SINGAPORE,,,SINGAPORE,SGP,222,SGP,,2007-12-02,2007-12-08,2007,131,Confirmed,Admin0,Week,MOH-SGP-20002011-Y01-04,48,2007,26.8,24.614285714285717,30.614285714285717,9.2,,15.0,8.114285714285714,,,
SINGAPORE,,,SINGAPORE,SGP,222,SGP,,2007-12-09,2007-12-15,2007,128,Confirmed,Admin0,Week,MOH-SGP-20002011-Y01-04,49,2007,26.142857142857142,24.099999999999998,29.271428571428572,5.371428571428572,,6.0,6.328571428571428,,,
SINGAPORE,,,SINGAPORE,SGP,222,SGP,,2007-12-16,2007-12-22,2007,98,Confirmed,Admin0,Week,MOH-SGP-20002011-Y01-04,50,2007,26.3,24.099999999999998,29.685714285714287,25.54285714285714,,,5.114285714285714,,,
SINGAPORE,,,SINGAPORE,SGP,222,SGP,,2007-12-23,2007-12-29,2007,120,Confirmed,Admin0,Week,MOH-SGP-20002011-Y01-04,51,2007,26.099999999999998,23.314285714285713,30.142857142857142,4.428571428571429,,,4.714285714285714,,,
SINGAPORE,,,SINGAPORE,SGP,222,SGP,,2007-12-30,2008-01-05,2007,117,Confirmed,Admin0,Week,MOH-SGP-20002011-Y01-05,52,2007,26.957142857142856,24.385714285714283,30.67142857142857,3.8142857142857145,,,4.928571428571429,,,
SINGAPORE,,,SINGAPORE,SGP,222,SGP,,2008-01-06,2008-01-12,2008,120,Confirmed,Admin0,Week,MOH-SGP-20002011-Y01-05,1,2008,26.4,23.744444444444444,29.922222222222224,1.5,,358.0,6.588888888888889,,,
SINGAPORE,,,SINGAPORE,SGP,222,SGP,,2008-01-13,2008-01-19,2008,106,Confirmed,Admin0,Week,MOH-SGP-20002011-Y01-05,2,2008,26.128571428571426,24.014285714285712,29.957142857142856,25.842857142857145,,,3.9,,,
SINGAPORE,,,SINGAPORE,SGP,222,SGP,,2008-01-20,2008-01-26,2008,130,Confirmed,Admin0,Week,MOH-SGP-20002011-Y01-05,3,2008,27.042857142857144,23.900000000000002,31.428571428571427,9.114285714285714,,,6.028571428571429,,,
SINGAPORE,,,SINGAPORE,SGP,222,SGP,,2008-01-27,2008-02-02,2008,109,Confirmed,Admin0,Week,MOH-SGP-20002011-Y01-05,4,2008,27.642857142857142,25.042857142857144,31.514285714285712,0.2571428571428572,,22.0,10.828571428571427,,,
SINGAPORE,,,SINGAPORE,SGP,222,SGP,,2008-02-03,2008-02-09,2008,68,Confirmed,Admin0,Week,MOH-SGP-20002011-Y01-05,5,2008,26.37142857142857,24.142857142857142,30.357142857142858,7.7,,22.333333333333332,8.6,,,
SINGAPORE,,,SINGAPORE,SGP,222,SGP,,2008-02-10,2008-02-16,2008,103,Confirmed,Admin0,Week,MOH-SGP-20002011-Y01-05,6,2008,26.97142857142857,24.099999999999998,30.183333333333334,6.516666666666667,,16.0,10.816666666666668,,,
SINGAPORE,,,SINGAPORE,SGP,222,SGP,,2008-02-17,2008-02-23,2008,109,Confirmed,Admin0,Week,MOH-SGP-20002011-Y01-05,7,2008,26.914285714285715,24.21666666666667,31.085714285714285,0.0,,8.8,12.116666666666667,,,
SINGAPORE,,,SINGAPORE,SGP,222,SGP,,2008-02-24,2008-03-01,2008,87,Confirmed,Admin0,Week,MOH-SGP-20002011-Y01-05,8,2008,27.24285714285714,23.88571428571429,31.885714285714283,0.0,,9.666666666666666,9.9,,,
SINGAPORE,,,SINGAPORE,SGP,222,SGP,,2008-03-02,2008-03-08,2008,71,Confirmed,Admin0,Week,MOH-SGP-20002011-Y01-05,9,2008,26.457142857142856,23.442857142857143,29.985714285714288,5.928571428571428,,,6.442857142857143,,,
SINGAPORE,,,SINGAPORE,SGP,222,SGP,,2008-03-09,2008-03-15,2008,74,Confirmed,Admin0,Week,MOH-SGP-20002011-Y01-05,10,2008,25.942857142857143,23.642857142857142,29.185714285714287,10.585714285714285,,28.0,7.0,,,
SINGAPORE,,,SINGAPORE,SGP,222,SGP,,2008-03-16,2008-03-22,2008,68,Confirmed,Admin0,Week,MOH-SGP-20002011-Y01-05,11,2008,25.8,23.37142857142857,29.085714285714285,23.32857142857143,,,5.757142857142857,,,
SINGAPORE,,,SINGAPORE,SGP,222,SGP,,2008-03-23,2008-03-29,2008,86,Confirmed,Admin0,Week,MOH-SGP-20002011-Y01-05,12,2008,26.97142857142857,23.97142857142857,30.82857142857143,6.214285714285714,,,5.871428571428572,,,
SINGAPORE,,,SINGAPORE,SGP,222,SGP,,2008-03-30,2008-04-05,2008,77,Confirmed,Admin0,Week,MOH-SGP-20002011-Y01-05,13,2008,27.842857142857145,24.75714285714286,31.75714285714286,1.342857142857143,,,6.8999999999999995,,,
SINGAPORE,,,SINGAPORE,SGP,222,SGP,,2008-04-06,2008-04-12,2008,95,Confirmed,Admin0,Week,MOH-SGP-20002011-Y01-05,14,2008,28.02857142857143,24.97142857142857,31.685714285714287,0.21428571428571427,,,4.6000000000000005,,,
SINGAPORE,,,SINGAPORE,SGP,222,SGP,,2008-04-13,2008-04-19,2008,104,Confirmed,Admin0,Week,MOH-SGP-20002011-Y01-05,15,2008,27.457142857142856,24.157142857142855,31.685714285714287,9.914285714285713,,,2.871428571428571,,,
SINGAPORE,,,SINGAPORE,SGP,222,SGP,,2008-04-20,2008-04-26,2008,88,Confirmed,Admin0,Week,MOH-SGP-20002011-Y01-05,16,2008,28.12857142857143,25.014285714285712,31.857142857142858,0.5857142857142856,,,4.557142857142857,,,
SINGAPORE,,,SINGAPORE,SGP,222,SGP,,2008-04-27,2008-05-03,2008,117,Confirmed,Admin0,Week,MOH-SGP-20002011-Y01-05,17,2008,28.485714285714288,24.900000000000002,31.771428571428572,1.6285714285714286,,134.0,6.685714285714285,,,
SINGAPORE,,,SINGAPORE,SGP,222,SGP,,2008-05-04,2008-05-10,2008,106,Confirmed,Admin0,Week,MOH-SGP-20002011-Y01-05,18,2008,29.414285714285715,26.400000000000002,32.971428571428575,0.1142857142857143,,121.0,6.442857142857143,,,
SINGAPORE,,,SINGAPORE,SGP,222,SGP,,2008-05-11,2008-05-17,2008,144,Confirmed,Admin0,Week,MOH-SGP-20002011-Y01-05,19,2008,28.32857142857143,25.057142857142857,31.47142857142857,1.0999999999999999,,,5.285714285714286,,,
SINGAPORE,,,SINGAPORE,SGP,222,SGP,,2008-05-18,2008-05-24,2008,130,Confirmed,Admin0,Week,MOH-SGP-20002011-Y01-05,20,2008,29.02857142857143,25.32857142857143,32.01428571428571,5.228571428571428,,165.0,9.271428571428572,,,
SINGAPORE,,,SINGAPORE,SGP,222,SGP,,2008-05-25,2008-05-31,2008,145,Confirmed,Admin0,Week,MOH-SGP-20002011-Y01-05,21,2008,29.52857142857143,27.057142857142857,33.31428571428572,0.0,,139.25,9.485714285714286,,,
SINGAPORE,,,SINGAPORE,SGP,222,SGP,,2008-06-01,2008-06-07,2008,172,Confirmed,Admin0,Week,MOH-SGP-20002011-Y01-05,22,2008,27.87142857142857,25.114285714285717,30.82857142857143,10.671428571428573,,,6.242857142857143,,,
SINGAPORE,,,SINGAPORE,SGP,222,SGP,,2008-06-08,2008-06-14,2008,164,Confirmed,Admin0,Week,MOH-SGP-20002011-Y01-05,23,2008,27.385714285714283,24.62857142857143,30.485714285714288,7.785714285714286,,,3.8428571428571425,,,
SINGAPORE,,,SINGAPORE,SGP,222,SGP,,2008-06-15,2008-06-21,2008,154,Confirmed,Admin0,Week,MOH-SGP-20002011-Y01-05,24,2008,28.599999999999998,24.74285714285714,31.571428571428573,3.1571428571428575,,166.5,7.171428571428572,,,
SINGAPORE,,,SINGAPORE,SGP,222,SGP,,2008-06-22,2008-06-28,2008,130,Confirmed,Admin0,Week,MOH-SGP-20002011-Y01-05,25,2008,28.185714285714287,25.02857142857143,31.25714285714286,5.0,,151.5,8.128571428571428,,,
SINGAPORE,,,SINGAPORE,SGP,222,SGP,,2008-06-29,2008-07-05,2008,156,Confirmed,Admin0,Week,MOH-SGP-20002011-Y01-05,26,2008,28.914285714285715,25.657142857142855,32.24285714285714,0.7285714285714285,,152.5,9.228571428571428,,,
SINGAPORE,,,SINGAPORE,SGP,222,SGP,,2008-07-06,2008-07-12,2008,128,Confirmed,Admin0,Week,MOH-SGP-20002011-Y01-05,27,2008,28.457142857142856,25.52857142857143,31.642857142857142,0.32857142857142857,,166.0,8.8,,,
SINGAPORE,,,SINGAPORE,SGP,222,SGP,,2008-07-13,2008-07-19,2008,126,Confirmed,Admin0,Week,MOH-SGP-20002011-Y01-05,28,2008,27.75714285714286,24.74285714285714,30.62857142857143,2.942857142857143,,167.5,7.342857142857143,,,
SINGAPORE,,,SINGAPORE,SGP,222,SGP,,2008-07-20,2008-07-26,2008,121,Confirmed,Admin0,Week,MOH-SGP-20002011-Y01-05,29,2008,27.685714285714287,25.085714285714285,30.842857142857145,4.485714285714286,,183.0,7.8999999999999995,,,
SINGAPORE,,,SINGAPORE,SGP,222,SGP,,2008-07-27,2008-08-02,2008,150,Confirmed,Admin0,Week,MOH-SGP-20002011-Y01-05,30,2008,26.885714285714283,23.74285714285714,29.442857142857143,5.257142857142857,,147.0,5.914285714285714,,,
SINGAPORE,,,SINGAPORE,SGP,222,SGP,,2008-08-03,2008-08-09,2008,154,Confirmed,Admin0,Week,MOH-SGP-20002011-Y01-05,31,2008,29.0,26.25714285714286,32.27142857142857,0.0,,155.6,10.671428571428573,,,
SINGAPORE,,,SINGAPORE,SGP,222,SGP,,2008-08-10,2008-08-16,2008,132,Confirmed,Admin0,Week,MOH-SGP-20002011-Y01-05,32,2008,27.885714285714283,24.585714285714285,31.657142857142862,22.928571428571427,,154.33333333333334,11.085714285714285,,,
SINGAPORE,,,SINGAPORE,SGP,222,SGP,,2008-08-17,2008-08-23,2008,161,Confirmed,Admin0,Week,MOH-SGP-20002011-Y01-05,33,2008,28.12857142857143,24.61428571428571,31.457142857142856,1.457142857142857,,134.0,9.442857142857141,,,
SINGAPORE,,,SINGAPORE,SGP,222,SGP,,2008-08-24,2008-08-30,2008,148,Confirmed,Admin0,Week,MOH-SGP-20002011-Y01-05,34,2008,26.52857142857143,24.3,30.042857142857144,7.228571428571428,,156.0,6.257142857142857,,,
SINGAPORE,,,SINGAPORE,SGP,222,SGP,,2008-08-31,2008-09-06,2008,143,Confirmed,Admin0,Week,MOH-SGP-20002011-Y01-05,35,2008,26.785714285714285,24.25714285714286,29.785714285714285,14.3,,,4.271428571428571,,,
SINGAPORE,,,SINGAPORE,SGP,222,SGP,,2008-09-07,2008-09-13,2008,118,Confirmed,Admin0,Week,MOH-SGP-20002011-Y01-05,36,2008,26.928571428571427,23.75714285714286,30.82857142857143,5.185714285714285,,,5.371428571428571,,,
SINGAPORE,,,SINGAPORE,SGP,222,SGP,,2008-09-14,2008-09-20,2008,127,Confirmed,Admin0,Week,MOH-SGP-20002011-Y01-05,37,2008,27.599999999999998,24.714285714285715,30.542857142857144,4.142857142857143,,194.0,6.571428571428571,,,
SINGAPORE,,,SINGAPORE,SGP,222,SGP,,2008-09-21,2008-09-27,2008,143,Confirmed,Admin0,Week,MOH-SGP-20002011-Y01-05,38,2008,28.642857142857142,25.857142857142858,31.47142857142857,0.6428571428571429,,140.0,8.528571428571428,,,
SINGAPORE,,,SINGAPORE,SGP,222,SGP,,2008-09-28,2008-10-04,2008,135,Confirmed,Admin0,Week,MOH-SGP-20002011-Y01-05,39,2008,27.900000000000002,23.599999999999998,31.633333333333336,8.585714285714285,,,6.216666666666666,,,
SINGAPORE,,,SINGAPORE,SGP,222,SGP,,2008-10-05,2008-10-11,2008,178,Confirmed,Admin0,Week,MOH-SGP-20002011-Y01-05,40,2008,27.52857142857143,24.62857142857143,30.785714285714285,6.1000000000000005,,,5.128571428571428,,,
SINGAPORE,,,SINGAPORE,SGP,222,SGP,,2008-10-12,2008-10-18,2008,159,Confirmed,Admin0,Week,MOH-SGP-20002011-Y01-05,41,2008,27.571428571428573,24.685714285714287,31.5,2.242857142857143,,,4.257142857142857,,,
SINGAPORE,,,SINGAPORE,SGP,222,SGP,,2008-10-19,2008-10-25,2008,172,Confirmed,Admin0,Week,MOH-SGP-20002011-Y01-05,42,2008,27.657142857142855,25.342857142857145,31.871428571428574,6.314285714285715,,,3.4714285714285715,,,
SINGAPORE,,,SINGAPORE,SGP,222,SGP,,2008-10-26,2008-11-01,2008,132,Confirmed,Admin0,Week,MOH-SGP-20002011-Y01-05,43,2008,27.52857142857143,24.62857142857143,30.314285714285713,6.457142857142856,,,3.914285714285714,,,
SINGAPORE,,,SINGAPORE,SGP,222,SGP,,2008-11-02,2008-11-08,2008,152,Confirmed,Admin0,Week,MOH-SGP-20002011-Y01-05,44,2008,27.585714285714285,24.32857142857143,31.728571428571428,7.728571428571429,,,3.7285714285714286,,,
SINGAPORE,,,SINGAPORE,SGP,222,SGP,,2008-11-09,2008-11-15,2008,151,Confirmed,Admin0,Week,MOH-SGP-20002011-Y01-05,45,2008,27.97142857142857,24.928571428571427,31.985714285714288,7.114285714285715,,,3.914285714285714,,,
SINGAPORE,,,SINGAPORE,SGP,222,SGP,,2008-11-16,2008-11-22,2008,134,Confirmed,Admin0,Week,MOH-SGP-20002011-Y01-05,46,2008,26.67142857142857,24.357142857142858,30.085714285714285,10.528571428571427,,,4.314285714285714,,,
SINGAPORE,,,SINGAPORE,SGP,222,SGP,,2008-11-23,2008-11-29,2008,150,Confirmed,Admin0,Week,MOH-SGP-20002011-Y01-05,47,2008,27.185714285714287,24.32857142857143,31.24285714285714,13.714285714285714,,,4.371428571428572,,,
SINGAPORE,,,SINGAPORE,SGP,222,SGP,,2008-11-30,2008-12-06,2008,154,Confirmed,Admin0,Week,MOH-SGP-20002011-Y01-05,48,2008,27.585714285714285,24.728571428571428,31.5,14.342857142857143,,,4.085714285714286,,,
SINGAPORE,,,SINGAPORE,SGP,222,SGP,,2008-12-07,2008-12-13,2008,181,Confirmed,Admin0,Week,MOH-SGP-20002011-Y01-05,49,2008,27.38571428571429,24.728571428571428,31.542857142857144,13.085714285714285,,,5.3,,,
SINGAPORE,,,SINGAPORE,SGP,222,SGP,,2008-12-14,2008-12-20,2008,219,Confirmed,Admin0,Week,MOH-SGP-20002011-Y01-05,50,2008,26.485714285714288,24.114285714285717,29.714285714285715,6.714285714285714,,,7.957142857142857,,,
SINGAPORE,,,SINGAPORE,SGP,222,SGP,,2008-12-21,2008-12-27,2008,187,Confirmed,Admin0,Week,MOH-SGP-20002011-Y01-05,51,2008,26.928571428571427,24.24285714285714,30.414285714285715,3.628571428571429,,8.666666666666666,9.87142857142857,,,
SINGAPORE,,,SINGAPORE,SGP,222,SGP,,2008-12-28,2009-01-03,2008,196,Confirmed,Admin0,Week,MOH-SGP-20002011-Y01-05,52,2008,26.62857142857143,24.085714285714285,30.042857142857144,10.342857142857143,,106.0,7.814285714285715,,,
SINGAPORE,,,SINGAPORE,SGP,222,SGP,,2009-01-04,2009-01-10,2009,238,Confirmed,Admin0,Week,MOH-SGP-20002011-Y01-05,1,2009,26.4,24.175,29.85,10.225,,,5.975,,,
SINGAPORE,,,SINGAPORE,SGP,222,SGP,,2009-01-11,2009-01-17,2009,144,Confirmed,Admin0,Week,MOH-SGP-20002011-Y01-05,2,2009,26.885714285714283,24.614285714285717,30.37142857142857,0.2571428571428572,,74.8,10.314285714285715,,,
SINGAPORE,,,SINGAPORE,SGP,222,SGP,,2009-01-18,2009-01-24,2009,125,Confirmed,Admin0,Week,MOH-SGP-20002011-Y01-05,3,2009,26.685714285714283,24.24285714285714,30.400000000000002,0.04285714285714286,,14.0,16.714285714285715,,,
SINGAPORE,,,SINGAPORE,SGP,222,SGP,,2009-01-25,2009-01-31,2009,113,Confirmed,Admin0,Week,MOH-SGP-20002011-Y01-05,4,2009,27.014285714285712,23.87142857142857,31.2,0.0,,18.5,12.9,,,
SINGAPORE,,,SINGAPORE,SGP,222,SGP,,2009-02-01,2009-02-07,2009,124,Confirmed,Admin0,Week,MOH-SGP-20002011-Y01-05,5,2009,27.014285714285712,24.357142857142858,31.45714285714286,0.04285714285714286,,129.66666666666666,11.457142857142857,,,
SINGAPORE,,,SINGAPORE,SGP,222,SGP,,2009-02-08,2009-02-14,2009,135,Confirmed,Admin0,Week,MOH-SGP-20002011-Y01-05,6,2009,27.02857142857143,23.67142857142857,31.657142857142855,0.0,,8.0,10.928571428571429,,,
SINGAPORE,,,SINGAPORE,SGP,222,SGP,,2009-02-15,2009-02-21,2009,123,Confirmed,Admin0,Week,MOH-SGP-20002011-Y01-05,7,2009,27.928571428571427,24.400000000000002,32.82857142857143,0.07142857142857142,,11.0,7.7,,,
SINGAPORE,,,SINGAPORE,SGP,222,SGP,,2009-02-22,2009-02-28,2009,113,Confirmed,Admin0,Week,MOH-SGP-20002011-Y01-05,8,2009,27.97142857142857,24.87142857142857,33.25714285714285,1.5571428571428572,,23.666666666666668,10.642857142857142,,,
SINGAPORE,,,SINGAPORE,SGP,222,SGP,,2009-03-01,2009-03-07,2009,87,Confirmed,Admin0,Week,MOH-SGP-20002011-Y01-05,9,2009,26.585714285714285,23.714285714285715,31.571428571428573,27.185714285714287,,,4.242857142857143,,,
SINGAPORE,,,SINGAPORE,SGP,222,SGP,,2009-03-08,2009-03-14,2009,73,Confirmed,Admin0,Week,MOH-SGP-20002011-Y01-05,10,2009,27.2,23.55,31.614285714285717,18.87142857142857,,,4.533333333333333,,,
SINGAPORE,,,SINGAPORE,SGP,222,SGP,,2009-03-15,2009-03-21,2009,81,Confirmed,Admin0,Week,MOH-SGP-20002011-Y01-05,11,2009,26.657142857142855,23.8,30.914285714285715,3.742857142857143,,,4.514285714285714,,,
SINGAPORE,,,SINGAPORE,SGP,222,SGP,,2009-03-22,2009-03-28,2009,79,Confirmed,Admin0,Week,MOH-SGP-20002011-Y01-05,12,2009,27.02857142857143,23.685714285714287,30.62857142857143,8.028571428571428,,37.0,5.885714285714285,,,
SINGAPORE,,,SINGAPORE,SGP,222,SGP,,2009-03-29,2009-04-04,2009,86,Confirmed,Admin0,Week,MOH-SGP-20002011-Y01-05,13,2009,28.042857142857144,24.685714285714287,32.01428571428571,0.35714285714285715,,,6.385714285714286,,,
SINGAPORE,,,SINGAPORE,SGP,222,SGP,,2009-04-05,2009-04-11,2009,93,Confirmed,Admin0,Week,MOH-SGP-20002011-Y01-05,14,2009,28.414285714285715,25.485714285714288,32.728571428571435,2.9428571428571426,,,6.857142857142857,,,
SINGAPORE,,,SINGAPORE,SGP,222,SGP,,2009-04-12,2009-04-18,2009,103,Confirmed,Admin0,Week,MOH-SGP-20002011-Y01-05,15,2009,27.514285714285712,25.214285714285715,31.47142857142857,5.485714285714286,,,5.0,,,
SINGAPORE,,,SINGAPORE,SGP,222,SGP,,2009-04-19,2009-04-25,2009,105,Confirmed,Admin0,Week,MOH-SGP-20002011-Y01-05,16,2009,28.842857142857145,25.228571428571428,32.300000000000004,0.4714285714285714,,205.0,6.514285714285714,,,
SINGAPORE,,,SINGAPORE,SGP,222,SGP,,2009-04-26,2009-05-02,2009,77,Confirmed,Admin0,Week,MOH-SGP-20002011-Y01-05,17,2009,29.25714285714286,24.985714285714288,33.01428571428571,5.7,,205.0,6.8999999999999995,,,
SINGAPORE,,,SINGAPORE,SGP,222,SGP,,2009-05-03,2009-05-09,2009,93,Confirmed,Admin0,Week,MOH-SGP-20002011-Y01-05,18,2009,28.657142857142855,25.02857142857143,32.214285714285715,17.085714285714285,,165.0,6.242857142857143,,,
SINGAPORE,,,SINGAPORE,SGP,222,SGP,,2009-05-10,2009-05-16,2009,84,Confirmed,Admin0,Week,MOH-SGP-20002011-Y01-05,19,2009,28.642857142857142,23.957142857142856,31.985714285714288,12.742857142857144,,234.0,6.385714285714286,,,
SINGAPORE,,,SINGAPORE,SGP,222,SGP,,2009-05-17,2009-05-23,2009,112,Confirmed,Admin0,Week,MOH-SGP-20002011-Y01-05,20,2009,28.557142857142857,25.17142857142857,32.214285714285715,5.028571428571429,,,5.228571428571429,,,
SINGAPORE,,,SINGAPORE,SGP,222,SGP,,2009-05-24,2009-05-30,2009,121,Confirmed,Admin0,Week,MOH-SGP-20002011-Y01-05,21,2009,28.7,24.87142857142857,32.214285714285715,2.028571428571429,,155.5,6.057142857142857,,,
SINGAPORE,,,SINGAPORE,SGP,222,SGP,,2009-05-31,2009-06-06,2009,79,Confirmed,Admin0,Week,MOH-SGP-20002011-Y01-05,22,2009,29.25714285714286,26.428571428571427,32.65714285714286,4.128571428571428,,108.5,7.242857142857143,,,
SINGAPORE,,,SINGAPORE,SGP,222,SGP,,2009-06-07,2009-06-13,2009,102,Confirmed,Admin0,Week,MOH-SGP-20002011-Y01-05,23,2009,29.342857142857145,26.542857142857144,32.728571428571435,0.35714285714285715,,177.4,8.514285714285714,,,
SINGAPORE,,,SINGAPORE,SGP,222,SGP,,2009-06-14,2009-06-20,2009,99,Confirmed,Admin0,Week,MOH-SGP-20002011-Y01-05,24,2009,29.571428571428573,26.37142857142857,32.98571428571429,0.04285714285714286,,185.5,8.028571428571428,,,
SINGAPORE,,,SINGAPORE,SGP,222,SGP,,2009-06-21,2009-06-27,2009,104,Confirmed,Admin0,Week,MOH-SGP-20002011-Y01-05,25,2009,29.75714285714286,26.571428571428573,33.042857142857144,1.557142857142857,,180.66666666666666,9.342857142857143,,,
SINGAPORE,,,SINGAPORE,SGP,222,SGP,,2009-06-28,2009-07-04,2009,77,Confirmed,Admin0,Week,MOH-SGP-20002011-Y01-05,26,2009,28.428571428571427,25.599999999999998,31.72857142857143,0.7571428571428571,,222.0,6.242857142857143,,,
SINGAPORE,,,SINGAPORE,SGP,222,SGP,,2009-07-05,2009-07-11,2009,57,Confirmed,Admin0,Week,MOH-SGP-20002011-Y01-05,27,2009,28.37142857142857,25.12857142857143,32.75714285714286,1.5285714285714285,,174.25,8.528571428571428,,,
SINGAPORE,,,SINGAPORE,SGP,222,SGP,,2009-07-12,2009-07-18,2009,71,Confirmed,Admin0,Week,MOH-SGP-20002011-Y01-05,28,2009,27.642857142857142,24.400000000000002,31.2,9.171428571428573,,,6.314285714285715,,,
SINGAPORE,,,SINGAPORE,SGP,222,SGP,,2009-07-19,2009-07-25,2009,61,Confirmed,Admin0,Week,MOH-SGP-20002011-Y01-05,29,2009,28.728571428571428,25.285714285714285,31.514285714285712,2.942857142857143,,181.8,9.87142857142857,,,
SINGAPORE,,,SINGAPORE,SGP,222,SGP,,2009-07-26,2009-08-01,2009,62,Confirmed,Admin0,Week,MOH-SGP-20002011-Y01-05,30,2009,28.385714285714283,24.485714285714288,31.12857142857143,7.442857142857142,,193.66666666666666,8.128571428571428,,,
SINGAPORE,,,SINGAPORE,SGP,222,SGP,,2009-08-02,2009-08-08,2009,80,Confirmed,Admin0,Week,MOH-SGP-20002011-Y01-05,31,2009,28.47142857142857,25.12857142857143,31.7,2.3285714285714287,,192.2,9.885714285714286,,,
SINGAPORE,,,SINGAPORE,SGP,222,SGP,,2009-08-09,2009-08-15,2009,66,Confirmed,Admin0,Week,MOH-SGP-20002011-Y01-05,32,2009,29.085714285714285,26.771428571428572,32.3,1.2285714285714284,,177.0,9.857142857142858,,,
SINGAPORE,,,SINGAPORE,SGP,222,SGP,,2009-08-16,2009-08-22,2009,71,Confirmed,Admin0,Week,MOH-SGP-20002011-Y01-05,33,2009,28.428571428571427,25.314285714285713,32.15714285714286,4.642857142857143,,158.25,7.6571428571428575,,,
SINGAPORE,,,SINGAPORE,SGP,222,SGP,,2009-08-23,2009-08-29,2009,76,Confirmed,Admin0,Week,MOH-SGP-20002011-Y01-05,34,2009,28.185714285714283,25.614285714285717,31.7,5.2,,,7.042857142857143,,,
SINGAPORE,,,SINGAPORE,SGP,222,SGP,,2009-08-30,2009-09-05,2009,53,Confirmed,Admin0,Week,MOH-SGP-20002011-Y01-05,35,2009,27.5,24.014285714285712,30.585714285714285,9.842857142857143,,221.66666666666666,7.3999999999999995,,,
SINGAPORE,,,SINGAPORE,SGP,222,SGP,,2009-09-06,2009-09-12,2009,44,Confirmed,Admin0,Week,MOH-SGP-20002011-Y01-05,36,2009,28.071428571428573,24.599999999999998,31.057142857142857,4.885714285714286,,160.5,7.414285714285714,,,
SINGAPORE,,,SINGAPORE,SGP,222,SGP,,2009-09-13,2009-09-19,2009,54,Confirmed,Admin0,Week,MOH-SGP-20002011-Y01-05,37,2009,29.0,26.014285714285712,31.87142857142857,1.2714285714285711,,186.0,8.942857142857143,,,
SINGAPORE,,,SINGAPORE,SGP,222,SGP,,2009-09-20,2009-09-26,2009,58,Confirmed,Admin0,Week,MOH-SGP-20002011-Y01-05,38,2009,27.942857142857143,24.942857142857143,31.228571428571428,9.642857142857142,,250.0,6.442857142857143,,,
SINGAPORE,,,SINGAPORE,SGP,222,SGP,,2009-09-27,2009-10-03,2009,52,Confirmed,Admin0,Week,MOH-SGP-20002011-Y01-05,39,2009,28.571428571428573,25.142857142857142,31.985714285714288,2.0,,220.66666666666666,6.671428571428572,,,
SINGAPORE,,,SINGAPORE,SGP,222,SGP,,2009-10-04,2009-10-10,2009,72,Confirmed,Admin0,Week,MOH-SGP-20002011-Y01-05,40,2009,28.2,25.400000000000002,31.814285714285717,3.6,,221.0,7.085714285714286,,,
SINGAPORE,,,SINGAPORE,SGP,222,SGP,,2009-10-11,2009-10-17,2009,53,Confirmed,Admin0,Week,MOH-SGP-20002011-Y01-05,41,2009,28.385714285714283,24.285714285714285,31.82857142857143,3.9857142857142853,,201.0,6.571428571428571,,,
SINGAPORE,,,SINGAPORE,SGP,222,SGP,,2009-10-18,2009-10-24,2009,73,Confirmed,Admin0,Week,MOH-SGP-20002011-Y01-05,42,2009,28.171428571428574,25.12857142857143,31.87142857142857,1.242857142857143,,196.0,5.857142857142857,,,
SINGAPORE,,,SINGAPORE,SGP,222,SGP,,2009-10-25,2009-10-31,2009,79,Confirmed,Admin0,Week,MOH-SGP-20002011-Y01-05,43,2009,29.185714285714287,26.357142857142858,32.971428571428575,0.0,,,6.428571428571429,,,
SINGAPORE,,,SINGAPORE,SGP,222,SGP,,2009-11-01,2009-11-07,2009,74,Confirmed,Admin0,Week,MOH-SGP-20002011-Y01-05,44,2009,27.82857142857143,24.900000000000002,31.814285714285713,12.37142857142857,,,5.6000000000000005,,,
SINGAPORE,,,SINGAPORE,SGP,222,SGP,,2009-11-08,2009-11-14,2009,73,Confirmed,Admin0,Week,MOH-SGP-20002011-Y01-05,45,2009,27.728571428571428,25.071428571428573,32.214285714285715,14.542857142857144,,27.5,5.5,,,
SINGAPORE,,,SINGAPORE,SGP,222,SGP,,2009-11-15,2009-11-21,2009,72,Confirmed,Admin0,Week,MOH-SGP-20002011-Y01-05,46,2009,26.914285714285715,24.642857142857142,30.714285714285715,2.9857142857142853,,,4.5,,,
SINGAPORE,,,SINGAPORE,SGP,222,SGP,,2009-11-22,2009-11-28,2009,44,Confirmed,Admin0,Week,MOH-SGP-20002011-Y01-05,47,2009,26.657142857142855,24.071428571428573,30.942857142857143,20.828571428571426,,,5.328571428571428,,,
SINGAPORE,,,SINGAPORE,SGP,222,SGP,,2009-11-29,2009-12-05,2009,60,Confirmed,Admin0,Week,MOH-SGP-20002011-Y01-05,48,2009,27.82857142857143,25.37142857142857,32.24285714285715,1.5714285714285714,,,6.871428571428572,,,
SINGAPORE,,,SINGAPORE,SGP,222,SGP,,2009-12-06,2009-12-12,2009,60,Confirmed,Admin0,Week,MOH-SGP-20002011-Y01-05,49,2009,26.657142857142855,24.25714285714286,29.957142857142856,9.842857142857143,,,5.757142857142857,,,
SINGAPORE,,,SINGAPORE,SGP,222,SGP,,2009-12-13,2009-12-19,2009,72,Confirmed,Admin0,Week,MOH-SGP-20002011-Y01-05,50,2009,27.914285714285715,25.12857142857143,31.414285714285715,0.07142857142857142,,24.0,11.385714285714286,,,
SINGAPORE,,,SINGAPORE,SGP,222,SGP,,2009-12-20,2009-12-26,2009,71,Confirmed,Admin0,Week,MOH-SGP-20002011-Y01-05,51,2009,26.87142857142857,24.17142857142857,30.571428571428573,9.014285714285714,,,6.842857142857143,,,
SINGAPORE,,,SINGAPORE,SGP,222,SGP,,2009-12-27,2010-01-02,2009,66,Confirmed,Admin0,Week,MOH-SGP-20002011-Y01-05,52,2009,26.928571428571427,24.685714285714287,30.414285714285715,8.314285714285713,,21.0,9.357142857142858,,,
SINGAPORE,,,SINGAPORE,SGP,222,SGP,,2010-01-03,2010-01-09,2010,91,Confirmed,Admin0,Week,MOH-SGP-20002011-Y01-06,53,2010,28.066666666666666,25.166666666666668,31.8,0.0,,44.0,7.2,,,
SINGAPORE,,,SINGAPORE,SGP,222,SGP,,2010-01-10,2010-01-16,2010,79,Confirmed,Admin0,Week,MOH-SGP-20002011-Y01-06,1,2010,27.157142857142855,24.02857142857143,30.457142857142856,1.2571428571428573,,28.833333333333332,8.342857142857143,,,
SINGAPORE,,,SINGAPORE,SGP,222,SGP,,2010-01-17,2010-01-23,2010,74,Confirmed,Admin0,Week,MOH-SGP-20002011-Y01-06,2,2010,27.52857142857143,24.37142857142857,30.942857142857143,2.5714285714285716,,14.166666666666666,10.87142857142857,,,
SINGAPORE,,,SINGAPORE,SGP,222,SGP,,2010-01-24,2010-01-30,2010,129,Confirmed,Admin0,Week,MOH-SGP-20002011-Y01-06,3,2010,27.24285714285714,23.47142857142857,30.985714285714288,5.557142857142857,,25.2,8.842857142857143,,,
SINGAPORE,,,SINGAPORE,SGP,222,SGP,,2010-01-31,2010-02-06,2010,96,Confirmed,Admin0,Week,MOH-SGP-20002011-Y01-06,4,2010,27.985714285714288,24.928571428571427,31.728571428571428,0.4714285714285714,,20.8,11.414285714285715,,,
SINGAPORE,,,SINGAPORE,SGP,222,SGP,,2010-02-07,2010-02-13,2010,109,Confirmed,Admin0,Week,MOH-SGP-20002011-Y01-06,5,2010,28.514285714285712,25.0,33.22857142857143,0.0,,19.0,11.242857142857144,,,
SINGAPORE,,,SINGAPORE,SGP,222,SGP,,2010-02-14,2010-02-20,2010,51,Confirmed,Admin0,Week,MOH-SGP-20002011-Y01-06,6,2010,28.914285714285715,25.52857142857143,33.15714285714286,0.2857142857142857,,19.428571428571427,12.799999999999999,,,
SINGAPORE,,,SINGAPORE,SGP,222,SGP,,2010-02-21,2010-02-27,2010,92,Confirmed,Admin0,Week,MOH-SGP-20002011-Y01-06,7,2010,28.885714285714283,25.657142857142855,33.128571428571426,0.4714285714285714,,18.666666666666668,13.016666666666666,,,
SINGAPORE,,,SINGAPORE,SGP,222,SGP,,2010-02-28,2010-03-06,2010,85,Confirmed,Admin0,Week,MOH-SGP-20002011-Y01-06,8,2010,29.442857142857143,25.8,34.357142857142854,0.14285714285714285,,27.8,9.814285714285715,,,
SINGAPORE,,,SINGAPORE,SGP,222,SGP,,2010-03-07,2010-03-13,2010,80,Confirmed,Admin0,Week,MOH-SGP-20002011-Y01-06,9,2010,29.5,25.599999999999998,34.971428571428575,0.0,,29.666666666666668,10.357142857142858,,,
SINGAPORE,,,SINGAPORE,SGP,222,SGP,,2010-03-14,2010-03-20,2010,80,Confirmed,Admin0,Week,MOH-SGP-20002011-Y01-06,10,2010,29.014285714285712,25.52857142857143,33.55714285714286,6.242857142857143,,16.5,9.471428571428572,,,
SINGAPORE,,,SINGAPORE,SGP,222,SGP,,2010-03-21,2010-03-27,2010,66,Confirmed,Admin0,Week,MOH-SGP-20002011-Y01-06,11,2010,27.7,24.25714285714286,31.571428571428573,8.928571428571429,,10.666666666666666,8.671428571428573,,,
SINGAPORE,,,SINGAPORE,SGP,222,SGP,,2010-03-28,2010-04-03,2010,40,Confirmed,Admin0,Week,MOH-SGP-20002011-Y01-06,12,2010,28.514285714285712,24.614285714285717,32.44285714285714,11.799999999999999,,28.333333333333332,7.585714285714286,,,
SINGAPORE,,,SINGAPORE,SGP,222,SGP,,2010-04-04,2010-04-10,2010,71,Confirmed,Admin0,Week,MOH-SGP-20002011-Y01-06,13,2010,27.900000000000002,24.62857142857143,31.657142857142855,10.157142857142857,,34.5,5.785714285714286,,,
SINGAPORE,,,SINGAPORE,SGP,222,SGP,,2010-04-11,2010-04-17,2010,60,Confirmed,Admin0,Week,MOH-SGP-20002011-Y01-06,14,2010,29.3,25.185714285714287,33.25714285714286,1.6285714285714286,,44.75,7.228571428571429,,,
SINGAPORE,,,SINGAPORE,SGP,222,SGP,,2010-04-18,2010-04-24,2010,66,Confirmed,Admin0,Week,MOH-SGP-20002011-Y01-06,15,2010,28.614285714285717,24.357142857142858,33.1,14.228571428571428,,47.5,6.142857142857143,,,
SINGAPORE,,,SINGAPORE,SGP,222,SGP,,2010-04-25,2010-05-01,2010,61,Confirmed,Admin0,Week,MOH-SGP-20002011-Y01-06,16,2010,28.428571428571427,25.414285714285715,33.05714285714286,2.314285714285714,,26.0,4.928571428571429,,,
SINGAPORE,,,SINGAPORE,SGP,222,SGP,,2010-05-02,2010-05-08,2010,50,Confirmed,Admin0,Week,MOH-SGP-20002011-Y01-06,17,2010,29.285714285714285,25.957142857142856,33.01428571428571,1.2428571428571427,,53.0,6.357142857142857,,,
SINGAPORE,,,SINGAPORE,SGP,222,SGP,,2010-05-09,2010-05-15,2010,65,Confirmed,Admin0,Week,MOH-SGP-20002011-Y01-06,18,2010,29.842857142857145,26.52857142857143,34.1,3.342857142857143,,60.5,6.557142857142857,,,
SINGAPORE,,,SINGAPORE,SGP,222,SGP,,2010-05-16,2010-05-22,2010,60,Confirmed,Admin0,Week,MOH-SGP-20002011-Y01-06,19,2010,28.785714285714285,25.314285714285717,33.41428571428572,3.3428571428571425,,3.0,4.728571428571429,,,
SINGAPORE,,,SINGAPORE,SGP,222,SGP,,2010-05-23,2010-05-29,2010,75,Confirmed,Admin0,Week,MOH-SGP-20002011-Y01-06,20,2010,28.87142857142857,25.12857142857143,32.214285714285715,14.857142857142858,,,6.142857142857143,,,
SINGAPORE,,,SINGAPORE,SGP,222,SGP,,2010-05-30,2010-06-05,2010,73,Confirmed,Admin0,Week,MOH-SGP-20002011-Y01-06,21,2010,29.614285714285717,26.728571428571428,33.4,0.15714285714285717,,176.0,6.228571428571429,,,
SINGAPORE,,,SINGAPORE,SGP,222,SGP,,2010-06-06,2010-06-12,2010,86,Confirmed,Admin0,Week,MOH-SGP-20002011-Y01-06,22,2010,28.97142857142857,25.8,32.1,7.285714285714285,,,5.371428571428572,,,
SINGAPORE,,,SINGAPORE,SGP,222,SGP,,2010-06-13,2010-06-19,2010,92,Confirmed,Admin0,Week,MOH-SGP-20002011-Y01-06,23,2010,28.357142857142858,25.657142857142855,31.585714285714285,5.514285714285714,,56.0,4.942857142857143,,,
SINGAPORE,,,SINGAPORE,SGP,222,SGP,,2010-06-20,2010-06-26,2010,114,Confirmed,Admin0,Week,MOH-SGP-20002011-Y01-06,24,2010,28.099999999999998,24.62857142857143,30.97142857142857,11.285714285714286,,,6.3,,,
SINGAPORE,,,SINGAPORE,SGP,222,SGP,,2010-06-27,2010-07-03,2010,135,Confirmed,Admin0,Week,MOH-SGP-20002011-Y01-06,25,2010,27.97142857142857,24.642857142857142,30.657142857142855,5.771428571428571,,208.5,8.114285714285714,,,
SINGAPORE,,,SINGAPORE,SGP,222,SGP,,2010-07-04,2010-07-10,2010,104,Confirmed,Admin0,Week,MOH-SGP-20002011-Y01-06,26,2010,27.7,24.042857142857144,30.87142857142857,12.914285714285713,,,5.271428571428571,,,
SINGAPORE,,,SINGAPORE,SGP,222,SGP,,2010-07-11,2010-07-17,2010,153,Confirmed,Admin0,Week,MOH-SGP-20002011-Y01-06,27,2010,28.47142857142857,25.657142857142855,32.08571428571428,0.8166666666666665,,230.33333333333334,6.014285714285714,,,
SINGAPORE,,,SINGAPORE,SGP,222,SGP,,2010-07-18,2010-07-24,2010,119,Confirmed,Admin0,Week,MOH-SGP-20002011-Y01-06,28,2010,28.014285714285712,24.571428571428573,31.214285714285715,20.942857142857143,,185.0,7.428571428571429,,,
SINGAPORE,,,SINGAPORE,SGP,222,SGP,,2010-07-25,2010-07-31,2010,121,Confirmed,Admin0,Week,MOH-SGP-20002011-Y01-06,29,2010,27.614285714285717,24.52857142857143,30.62857142857143,3.3714285714285714,,,6.828571428571428,,,
SINGAPORE,,,SINGAPORE,SGP,222,SGP,,2010-08-01,2010-08-07,2010,126,Confirmed,Admin0,Week,MOH-SGP-20002011-Y01-06,30,2010,27.071428571428573,23.228571428571428,29.542857142857144,9.9,,226.0,7.471428571428571,,,
SINGAPORE,,,SINGAPORE,SGP,222,SGP,,2010-08-08,2010-08-14,2010,132,Confirmed,Admin0,Week,MOH-SGP-20002011-Y01-06,31,2010,28.37142857142857,25.085714285714285,31.32857142857143,3.742857142857143,,184.0,8.1,,,
SINGAPORE,,,SINGAPORE,SGP,222,SGP,,2010-08-15,2010-08-21,2010,147,Confirmed,Admin0,Week,MOH-SGP-20002011-Y01-06,32,2010,28.042857142857144,25.042857142857144,31.657142857142855,1.2428571428571427,,142.0,8.657142857142857,,,
SINGAPORE,,,SINGAPORE,SGP,222,SGP,,2010-08-22,2010-08-28,2010,121,Confirmed,Admin0,Week,MOH-SGP-20002011-Y01-06,33,2010,27.400000000000002,23.82857142857143,30.67142857142857,15.357142857142858,,,6.728571428571429,,,
SINGAPORE,,,SINGAPORE,SGP,222,SGP,,2010-08-29,2010-09-04,2010,145,Confirmed,Admin0,Week,MOH-SGP-20002011-Y01-06,34,2010,28.400000000000002,24.785714285714285,31.67142857142857,0.7571428571428571,,153.5,9.5,,,
SINGAPORE,,,SINGAPORE,SGP,222,SGP,,2010-09-05,2010-09-11,2010,119,Confirmed,Admin0,Week,MOH-SGP-20002011-Y01-06,35,2010,28.342857142857145,24.97142857142857,31.585714285714285,5.542857142857143,,207.0,8.114285714285714,,,
SINGAPORE,,,SINGAPORE,SGP,222,SGP,,2010-09-12,2010-09-18,2010,174,Confirmed,Admin0,Week,MOH-SGP-20002011-Y01-06,36,2010,27.857142857142858,24.014285714285712,31.642857142857142,3.157142857142857,,91.0,7.914285714285714,,,
SINGAPORE,,,SINGAPORE,SGP,222,SGP,,2010-09-19,2010-09-25,2010,181,Confirmed,Admin0,Week,MOH-SGP-20002011-Y01-06,37,2010,28.47142857142857,24.67142857142857,31.87142857142857,3.6999999999999997,,119.0,8.614285714285716,,,
SINGAPORE,,,SINGAPORE,SGP,222,SGP,,2010-09-26,2010-10-02,2010,168,Confirmed,Admin0,Week,MOH-SGP-20002011-Y01-06,38,2010,27.942857142857143,25.47142857142857,31.885714285714283,2.0285714285714285,,,6.371428571428572,,,
SINGAPORE,,,SINGAPORE,SGP,222,SGP,,2010-10-03,2010-10-09,2010,168,Confirmed,Admin0,Week,MOH-SGP-20002011-Y01-06,39,2010,28.042857142857144,24.3,31.814285714285713,12.72857142857143,,,6.914285714285714,,,
SINGAPORE,,,SINGAPORE,SGP,222,SGP,,2010-10-10,2010-10-16,2010,146,Confirmed,Admin0,Week,MOH-SGP-20002011-Y01-06,40,2010,28.7,25.271428571428572,31.87142857142857,0.5142857142857143,,,6.485714285714286,,,
SINGAPORE,,,SINGAPORE,SGP,222,SGP,,2010-10-17,2010-10-23,2010,151,Confirmed,Admin0,Week,MOH-SGP-20002011-Y01-06,41,2010,29.171428571428574,25.542857142857144,32.15714285714286,0.4428571428571428,,155.0,7.685714285714285,,,
SINGAPORE,,,SINGAPORE,SGP,222,SGP,,2010-10-24,2010-10-30,2010,132,Confirmed,Admin0,Week,MOH-SGP-20002011-Y01-06,42,2010,28.071428571428573,25.32857142857143,31.52857142857143,6.128571428571429,,,6.114285714285714,,,
SINGAPORE,,,SINGAPORE,SGP,222,SGP,,2010-10-31,2010-11-06,2010,101,Confirmed,Admin0,Week,MOH-SGP-20002011-Y01-06,43,2010,27.25714285714286,23.8,30.900000000000002,7.557142857142857,,,6.357142857142857,,,
SINGAPORE,,,SINGAPORE,SGP,222,SGP,,2010-11-07,2010-11-13,2010,114,Confirmed,Admin0,Week,MOH-SGP-20002011-Y01-06,44,2010,27.985714285714288,24.428571428571427,31.942857142857143,7.6000000000000005,,173.0,8.285714285714286,,,
SINGAPORE,,,SINGAPORE,SGP,222,SGP,,2010-11-14,2010-11-20,2010,91,Confirmed,Admin0,Week,MOH-SGP-20002011-Y01-06,45,2010,26.97142857142857,24.085714285714285,30.885714285714283,9.357142857142858,,,6.014285714285714,,,
SINGAPORE,,,SINGAPORE,SGP,222,SGP,,2010-11-21,2010-11-27,2010,80,Confirmed,Admin0,Week,MOH-SGP-20002011-Y01-06,46,2010,27.385714285714283,24.24285714285714,31.214285714285715,14.8,,,6.271428571428571,,,
SINGAPORE,,,SINGAPORE,SGP,222,SGP,,2010-11-28,2010-12-04,2010,97,Confirmed,Admin0,Week,MOH-SGP-20002011-Y01-06,47,2010,27.714285714285715,24.3,32.25714285714286,4.742857142857143,,91.0,7.214285714285714,,,
SINGAPORE,,,SINGAPORE,SGP,222,SGP,,2010-12-05,2010-12-11,2010,87,Confirmed,Admin0,Week,MOH-SGP-20002011-Y01-06,48,2010,26.82857142857143,23.342857142857145,31.300000000000004,20.47142857142857,,,6.614285714285714,,,
SINGAPORE,,,SINGAPORE,SGP,222,SGP,,2010-12-12,2010-12-18,2010,79,Confirmed,Admin0,Week,MOH-SGP-20002011-Y01-06,49,2010,27.457142857142856,24.442857142857143,31.642857142857142,1.842857142857143,,,6.3999999999999995,,,
SINGAPORE,,,SINGAPORE,SGP,222,SGP,,2010-12-19,2010-12-25,2010,93,Confirmed,Admin0,Week,MOH-SGP-20002011-Y01-06,50,2010,26.585714285714285,23.842857142857145,31.157142857142855,5.514285714285714,,,6.914285714285714,,,
SINGAPORE,,,SINGAPORE,SGP,222,SGP,,2010-12-26,2011-01-01,2010,85,Confirmed,Admin0,Week,MOH-SGP-20002011-Y01-06,51,2010,26.928571428571427,23.8,30.62857142857143,3.585714285714286,,,7.771428571428571,,,
SINGAPORE,,,SINGAPORE,SGP,222,SGP,,2011-01-02,2011-01-08,2011,86,Confirmed,Admin0,Week,MOH-SGP-20002011-Y01-06,52,2011,27.7,23.6,31.3,0.0,,,11.6,,,
